-- MySQL Administrator dump 1.4
--
-- ------------------------------------------------------
-- Server version	5.0.45-community-nt


/*!40101 SET @OLD_CHARACTER_SET_CLIENT=@@CHARACTER_SET_CLIENT */;
/*!40101 SET @OLD_CHARACTER_SET_RESULTS=@@CHARACTER_SET_RESULTS */;
/*!40101 SET @OLD_COLLATION_CONNECTION=@@COLLATION_CONNECTION */;
/*!40101 SET NAMES utf8 */;

/*!40014 SET @OLD_UNIQUE_CHECKS=@@UNIQUE_CHECKS, UNIQUE_CHECKS=0 */;
/*!40014 SET @OLD_FOREIGN_KEY_CHECKS=@@FOREIGN_KEY_CHECKS, FOREIGN_KEY_CHECKS=0 */;
/*!40101 SET @OLD_SQL_MODE=@@SQL_MODE, SQL_MODE='NO_AUTO_VALUE_ON_ZERO' */;


--
-- Create schema fccr_cadastro
--

CREATE DATABASE IF NOT EXISTS fccr_cadastro;
USE fccr_cadastro;

--
-- Definition of table `cad_documento`
--

DROP TABLE IF EXISTS `cad_documento`;
CREATE TABLE `cad_documento` (
  `Doc_ID` int(10) unsigned NOT NULL auto_increment,
  `Doc_Descricao` varchar(100) character set latin1 NOT NULL default ' ',
  `Doc_Validade` smallint(5) unsigned NOT NULL default '9999',
  `Doc_Onde_Obter` varchar(255) character set latin1 default ' ',
  `Doc_Prestador` smallint(5) unsigned default '0',
  `Doc_Fornecedor` smallint(5) unsigned default '0',
  `Doc_Situacao` varchar(15) character set latin1 default ' ',
  `Doc_Obrigatorio` smallint(5) unsigned default '0',
  `Doc_MEI` smallint(5) unsigned default '0',
  `Doc_Modelo` varchar(150) character set latin1 default NULL,
  `Doc_ME` smallint(5) unsigned default '0',
  `Doc_LTDA` smallint(5) unsigned default '0',
  `Doc_AC` smallint(5) unsigned default '0',
  `Doc_EIRELI` smallint(5) unsigned default '0',
  `Doc_PFisica` smallint(5) unsigned default NULL,
  `Doc_Qtde_Permitida` smallint(5) unsigned default NULL,
  `Doc_EPP` smallint(5) unsigned default NULL,
  `Doc_EI` smallint(5) unsigned default NULL,
  `Doc_SA` smallint(5) unsigned default NULL,
  `Doc_SS` smallint(5) unsigned default NULL,
  PRIMARY KEY  (`Doc_ID`)
) ENGINE=InnoDB AUTO_INCREMENT=1010 DEFAULT CHARSET=ascii;

--
-- Dumping data for table `cad_documento`
--

/*!40000 ALTER TABLE `cad_documento` DISABLE KEYS */;
INSERT INTO `cad_documento` (`Doc_ID`,`Doc_Descricao`,`Doc_Validade`,`Doc_Onde_Obter`,`Doc_Prestador`,`Doc_Fornecedor`,`Doc_Situacao`,`Doc_Obrigatorio`,`Doc_MEI`,`Doc_Modelo`,`Doc_ME`,`Doc_LTDA`,`Doc_AC`,`Doc_EIRELI`,`Doc_PFisica`,`Doc_Qtde_Permitida`,`Doc_EPP`,`Doc_EI`,`Doc_SA`,`Doc_SS`) VALUES 
 (1,'Ato Constitutivo e suas alterações (atualizado)',9999,'',1,1,'Ativo',1,0,'',1,0,1,1,0,0,0,1,0,1),
 (2,'Cartao CNPJ',0,'O cartão CNPJ da Receita Federal é documento de pessoa jurídica que pode ser emitido pela internet no site :\r\nhttp://www.receita.fazenda.gov.br',1,1,'Ativo',1,1,'~\\modelo\\Carteira de trabalho.pdf',1,1,1,1,0,0,0,0,0,0),
 (3,'Ata de Nomeação do Representante Legal',9999,'',1,1,'Ativo',1,0,'~\\modelo\\Carteira de trabalho.pdf',0,0,0,0,NULL,NULL,NULL,NULL,NULL,NULL),
 (4,'RG e CPF do Representante Legal da Empresa',0,'',1,1,'Ativo',1,1,'~\\modelo\\Carteira de trabalho.pdf',0,0,0,1,1,0,NULL,NULL,NULL,NULL),
 (5,'Comprovação de Vínculo da Pessoa Jurídica e o Prestador de Serviço',9999,'',1,1,'Ativo',1,1,'~\\modelo\\Carteira de trabalho.pdf',1,0,0,0,NULL,NULL,NULL,NULL,NULL,NULL),
 (6,'Comprovante de Inscrição Municipal',9999,'Na Prefeitura Municipal ',1,1,'Ativo',1,1,'~\\modelo\\Carteira de trabalho.pdf',0,0,0,0,NULL,NULL,NULL,NULL,NULL,NULL),
 (7,'Certidão Negativa de Débitos (CND) Municipal ISSQN - Taxa de Licença',30,'',1,1,'Ativo',1,1,'~\\modelo\\Carteira de trabalho.pdf',1,0,0,0,0,0,0,0,NULL,NULL),
 (8,'Certidão Negativa de Débitos (CND) Débitos Mobiliários',30,'',1,1,'Ativo',1,1,'~\\modelo\\Carteira de trabalho.pdf',0,0,0,0,0,0,0,0,NULL,NULL),
 (9,'Certidão Negativa de Débitos (CND) - Fazenda Federal e Divida Ativa da União',30,'www.receita.fazenda.gov.br ou www.pgfn.fazenda.gov.br',1,1,'Ativo',1,1,'~\\modelo\\Carteira de trabalho.pdf',0,0,0,0,0,0,0,0,NULL,NULL),
 (10,'Certidão Negativa de Débitos (CND) FGTS',30,'Disponibilizado no link abaixo :\r\nwww.caixa.gov.br',1,1,'Ativo',1,1,'~\\modelo\\Carteira de trabalho.pdf',1,0,0,0,0,0,0,0,NULL,NULL),
 (11,'Certidão Negativa de Débitos (CND) INSS',180,'Disponibilizado no link\r\nwww.receita.fazenda.gov.br',1,1,'Ativo',1,0,'~\\modelo\\Carteira de trabalho.pdf',0,0,0,0,0,0,0,0,NULL,NULL),
 (12,'Declaração de Inexistência de Fato Impeditivo',0,'',1,1,'Ativo',1,1,'~\\modelo\\Carteira de trabalho.pdf',1,0,1,0,1,0,0,0,NULL,NULL),
 (13,'RG e CPF do Prestador do Serviço',9999,'',1,1,'Ativo',0,1,'~\\modelo\\Carteira de trabalho.pdf',0,0,0,0,0,0,0,0,0,0),
 (14,'Certificado da Condição de Microempreendedor Individual ',9999,'',1,1,'Ativo',0,1,'~\\modelo\\Carteira de trabalho.pdf',0,0,0,0,0,0,0,0,NULL,NULL),
 (15,'Diploma ou certificado de conclusão acadêmico (apenas do último grau)',999,'Dispõe sobre uniformização do procedimento administrativo para imposição das penalidades de suspensão do direito de dirigir e de cassação da Carteira Nacional de Habilitação.',1,0,'Ativo',2,0,'~\\modelo\\Carteira de trabalho.pdf',0,0,0,0,0,0,0,0,NULL,NULL),
 (16,'Declaração de auto didata',999,'Dispõe sobre uniformização do procedimento administrativo para imposição das penalidades de suspensão do direito de dirigir e de cassação da Carteira Nacional de Habilitação.',1,0,'Ativo',2,0,'',0,0,0,0,0,0,0,0,NULL,NULL),
 (17,'Diploma  Certificado e/ou Certificado de Cursos Livres na área',0,'Dispõe sobre uniformização do procedimento administrativo para imposição das penalidades de suspensão do direito de dirigir e de cassação da Carteira Nacional de Habilitação.',1,0,'Ativo',0,0,'',0,0,0,0,1,1,0,0,NULL,NULL),
 (18,'Apresentação em até 3 Projetos Específicos',999,'Dispõe sobre uniformização do procedimento administrativo para imposição das penalidades de suspensão do direito de dirigir e de cassação da Carteira Nacional de Habilitação.',1,0,'Ativo',2,0,'',0,0,0,0,0,0,0,0,NULL,NULL),
 (19,'Portifólio e Currículo',0,'Dispõe sobre uniformização do procedimento administrativo para imposição das penalidades de suspensão do direito de dirigir e de cassação da Carteira Nacional de Habilitação.',1,0,'Ativo',2,1,'',0,0,0,1,0,1,0,0,NULL,NULL),
 (999,' Selecione o tipo de documento',999,'xxx',1,1,'Ativo',2,1,'',1,1,1,1,1,0,1,1,1,1),
 (1000,'Doc teste inclusao na alteracao',9999,'',1,1,'Ativo',0,1,'',1,1,1,1,1,0,0,0,NULL,NULL),
 (1004,'Validade MEI cooperativa',0,'xxxxx',1,1,'Ativo',1,1,'',0,0,1,0,0,0,0,0,NULL,NULL),
 (1005,'Validade PFisica',30,'',1,1,'Ativo',1,0,'',0,0,0,0,1,0,0,0,NULL,NULL),
 (1008,'NOVO DOCUMENTO 001',0,'',1,1,'Ativo',0,0,'',0,1,0,0,1,1,0,0,0,0),
 (1009,'NOVO DOC 002',0,'',1,1,'Ativo',0,0,'',0,0,1,0,1,1,0,0,0,0);
/*!40000 ALTER TABLE `cad_documento` ENABLE KEYS */;


--
-- Definition of table `cad_parametro`
--

DROP TABLE IF EXISTS `cad_parametro`;
CREATE TABLE `cad_parametro` (
  `Par_Codigo` int(10) unsigned NOT NULL,
  `Par_Acesso` varchar(25) default NULL,
  PRIMARY KEY  (`Par_Codigo`)
) ENGINE=InnoDB DEFAULT CHARSET=latin1;

--
-- Dumping data for table `cad_parametro`
--

/*!40000 ALTER TABLE `cad_parametro` DISABLE KEYS */;
INSERT INTO `cad_parametro` (`Par_Codigo`,`Par_Acesso`) VALUES 
 (1,'@FwCeCbR@');
/*!40000 ALTER TABLE `cad_parametro` ENABLE KEYS */;


--
-- Definition of table `cad_prestador`
--

DROP TABLE IF EXISTS `cad_prestador`;
CREATE TABLE `cad_prestador` (
  `Pre_ID` int(10) unsigned NOT NULL auto_increment,
  `Pre_CNPJ` varchar(20) NOT NULL,
  `Pre_Razao_Social` varchar(70) NOT NULL,
  `Pre_Nome_Fantasia` varchar(25) default NULL,
  `Pre_IEstadual` varchar(20) default NULL,
  `Pre_IMunicipal` varchar(20) default NULL,
  `Pre_IMunicipal_Municipio` varchar(50) default NULL,
  `Pre_IMunicipal_UF` varchar(2) default NULL,
  `Pre_Representante` varchar(50) default NULL,
  `Pre_Representante_CPF` varchar(20) default NULL,
  `Pre_Representante_RG` varchar(20) default NULL,
  `Pre_Nacionalidade` varchar(30) default NULL,
  `Pre_Endereco` varchar(100) default NULL,
  `Pre_Numero` varchar(10) default NULL,
  `Pre_Complemento` varchar(50) default NULL,
  `Pre_Bairro` varchar(50) default NULL,
  `Pre_CEP` varchar(10) default NULL,
  `Pre_Municipio` varchar(50) default NULL,
  `Pre_UF` varchar(2) default NULL,
  `Pre_Telefone` varchar(25) default NULL,
  `Pre_Celular` varchar(25) default NULL,
  `Pre_Email` varchar(50) default NULL,
  `Pre_Site` varchar(50) default NULL,
  `Pre_Senha` varchar(10) default NULL,
  `Pre_Representante_Cargo` varchar(40) default NULL,
  `Pre_Representante_Estado_Civil` varchar(15) default NULL,
  `Pre_Representante_Profissao` varchar(50) default NULL,
  `Pre_TipoEmpresa` varchar(1) default NULL,
  `Pre_TipoPrestador` varchar(1) default NULL,
  `Pre_Data_Cadastro` datetime default NULL,
  `Pre_Data_Alteracao` datetime default NULL,
  `Pre_Desativado` smallint(5) default NULL,
  `Pre_Data_Desativado` datetime default NULL,
  `Pre_Motivo_Desativado` varchar(200) default NULL,
  `Pre_Representante_Email` varchar(50) default NULL,
  `Pre_CNAE_Codigo` varchar(9) default NULL,
  `Pre_CNAE_Descricao` varchar(150) default NULL,
  `Pre_Participa_Licitacao` varchar(3) default NULL,
  `Pre_PIS_PASEP` varchar(14) default NULL,
  `Pre_NIT` varchar(14) default NULL,
  `Pre_Telefone_1` varchar(25) default NULL,
  `Pre_WhatsApp` varchar(25) default NULL,
  `Pre_Email_1` varchar(50) default NULL,
  `Pre_Pessoa_Contato` varchar(50) default NULL,
  `Pre_Banco_Codigo` varchar(3) default NULL,
  `Pre_Banco_Agencia` varchar(4) default NULL,
  `Pre_Banco_Conta` varchar(10) default NULL,
  `Pre_Banco_Tipo` varchar(10) default NULL,
  `Pre_Perfil_Usuario` varchar(15) default NULL,
  `Pre_Email_AlertaDocto` smallint(5) unsigned default NULL,
  PRIMARY KEY  (`Pre_ID`)
) ENGINE=InnoDB AUTO_INCREMENT=234 DEFAULT CHARSET=latin1;

--
-- Dumping data for table `cad_prestador`
--

/*!40000 ALTER TABLE `cad_prestador` DISABLE KEYS */;
INSERT INTO `cad_prestador` (`Pre_ID`,`Pre_CNPJ`,`Pre_Razao_Social`,`Pre_Nome_Fantasia`,`Pre_IEstadual`,`Pre_IMunicipal`,`Pre_IMunicipal_Municipio`,`Pre_IMunicipal_UF`,`Pre_Representante`,`Pre_Representante_CPF`,`Pre_Representante_RG`,`Pre_Nacionalidade`,`Pre_Endereco`,`Pre_Numero`,`Pre_Complemento`,`Pre_Bairro`,`Pre_CEP`,`Pre_Municipio`,`Pre_UF`,`Pre_Telefone`,`Pre_Celular`,`Pre_Email`,`Pre_Site`,`Pre_Senha`,`Pre_Representante_Cargo`,`Pre_Representante_Estado_Civil`,`Pre_Representante_Profissao`,`Pre_TipoEmpresa`,`Pre_TipoPrestador`,`Pre_Data_Cadastro`,`Pre_Data_Alteracao`,`Pre_Desativado`,`Pre_Data_Desativado`,`Pre_Motivo_Desativado`,`Pre_Representante_Email`,`Pre_CNAE_Codigo`,`Pre_CNAE_Descricao`,`Pre_Participa_Licitacao`,`Pre_PIS_PASEP`,`Pre_NIT`,`Pre_Telefone_1`,`Pre_WhatsApp`,`Pre_Email_1`,`Pre_Pessoa_Contato`,`Pre_Banco_Codigo`,`Pre_Banco_Agencia`,`Pre_Banco_Conta`,`Pre_Banco_Tipo`,`Pre_Perfil_Usuario`,`Pre_Email_AlertaDocto`) VALUES 
 (23,'07.514.550/0001-78','BANDA MARCIAL NOVO CAMPO','BANDA MARCIAL NOVO CAMPO','','150256','SÃO JOSÉ DOS CAMPOS','SP','MARCELO DE JESUS DA SILVA','185.786.488-38','25501263-9','BRASILEIRA','RUA JOSÉ DOMINGOS PEREIRA ','357','','CAMPO DOS ALEMÃES','12239660','SÃO JOSÉ DOS CAMPOS','SP','(12) 3966-5252','','aaa@aaa.com.br','','12345','PRESIDENTE/MAESTRO',' Selecione ','MAESTRO/SERRALHEIRO','5','1',NULL,'2015-06-25 00:00:00',NULL,NULL,NULL,NULL,NULL,NULL,NULL,NULL,NULL,NULL,NULL,NULL,NULL,NULL,NULL,NULL,NULL,NULL,NULL),
 (24,'13.337.501/0001-00','JEYSE MARY TINO','JEYSE MARY TINO','','308206','SAO JOSE DOS CAMPOS','SP','JEYSE MARY TINO','215.995.508-65','22589485-3','','RUA MARANDUBA ','234','','','12230-680','SAO JOSE DOS CAMPOS','SP','','','','','','MONITORA DE ARTES  VISUAIS','Solteiro','ARTISTA PLÁSTICA ',NULL,NULL,NULL,NULL,NULL,NULL,NULL,NULL,NULL,NULL,NULL,NULL,NULL,NULL,NULL,NULL,NULL,NULL,NULL,NULL,NULL,NULL,NULL),
 (26,'15.041.432/0001-18','RONNIE ELIAS  DOS SANTOS','RONNIE ELIAS DOS SANTOS','','305336','SAO JOSE DOS CAMPOS','SP','RONNIE ELIAS DOS SANTOS','267.487.288-86','324183094','BRASILEIRA','RUA RIO TURVO','52','','ALTOS DA VILA PAIVA ','12213074','SAO JOSE DOS CAMPOS','SP','','997023380','','','','MONITOR DE DANÇA',' Selecione','PROFESSOR DE DANÇA DE SALÃO ',NULL,NULL,NULL,NULL,NULL,NULL,NULL,NULL,NULL,NULL,NULL,NULL,NULL,NULL,NULL,NULL,NULL,NULL,NULL,NULL,NULL,NULL,NULL),
 (27,'02.956.952/0001-09','TESTE TESTE TESTE TESTE','111','','1232','SÃO JOSÉ DOS CAMPOS','SP','JUAREZ','','','BRASILEIRA','ENDEREÇO','23','','','12332000','SÃO JOSÉ DOS CAMPOS','SP','','','ethikatecnologia@hotmail.com','','112233','',' Selecione','',NULL,NULL,NULL,NULL,NULL,NULL,NULL,NULL,NULL,NULL,NULL,NULL,NULL,NULL,NULL,NULL,NULL,NULL,NULL,NULL,NULL,NULL,NULL),
 (28,'07.543.913/0001-01','BRANCO E PINHEIRO PRODUÇÕES DE EVENTOS LTDA','BRANCO E PINHEIRO PRODUÇÕ','','150.156','SÃO JOSÉ DOS CAMPOS','SP','LAIS FERNANDES BRANCO','223.847.448-01','323590366','BRASILEIRA','AV TENENTE NEVIO BARACHO','330','APRTO 303','BELA VISTA','12209902','SÃO JOSÉ DOS CAMPOS','SP','','78193350','','','','PROPRIETARIA ','CASADO','EMPRESARIA',NULL,NULL,NULL,NULL,NULL,NULL,NULL,NULL,NULL,NULL,NULL,NULL,NULL,NULL,NULL,NULL,NULL,NULL,NULL,NULL,NULL,NULL,NULL),
 (29,'15.159.185/0001-59','WESLEY RIBEIRO DA SILVA ','WESLEY RIBEIRO DA SILVA ','','305391','SÃO JOSÉ DOS CAMPOS','SP','WESLEY RIBEIRO  DA SILVA','216.240.558-00','32421209','BRASILEIRA','RUA ANTONIO GIUSEPPE ROBERTI ','18','','CAPITINGAL','12234766','SÃO JOSÉ DOS CAMPOS','SP','(12) 3963-241','88261960','','','','','CASADO','MUSICO ',NULL,NULL,NULL,NULL,NULL,NULL,NULL,NULL,NULL,NULL,NULL,NULL,NULL,NULL,NULL,NULL,NULL,NULL,NULL,NULL,NULL,NULL,NULL),
 (30,'51.561.819/0001-69','COOPERATIVA PAULISTA DE TEATRO','COOPERATIVA PAULISTA DE T','','179609','SÃO JOSÉ DOS CAMPOS','SP','NEY LUIZ PIACENTINI','455.046.019-91','35.814.173-4','BRASILEIRO','PRAÇA DOM JOSÉ  GASPAR','30','4.ANDAR','CENTRO','01047-010','SÃO PAULO','SP','(11) 2117-4700','','','','','PRESIDENTE','SOLTEIRO','ATOR',NULL,NULL,NULL,NULL,NULL,NULL,NULL,NULL,NULL,NULL,NULL,NULL,NULL,NULL,NULL,NULL,NULL,NULL,NULL,NULL,NULL,NULL,NULL),
 (31,'10.617.724/0001-32','LR CULTURAL EVENTOS MRKETING LTDA ME','PAS DE QUATRE STUDIO DE D','','169.270','SÃO JOSÉ DOS CAMPOS','SP','JOSÉ BENEDITO PEREIRA DOS REIS','','','BRASILEIRA','RUA-BRASILINO DE PAULA FERREIRA','341','','VILA PAIVA','12213-470','SÃO JOSÉ DOS CAMPOS','SP','','','','','123456','SÓCIO PROPRIETÁRIO','CASADO','ADMINISTRADOR',NULL,NULL,NULL,NULL,NULL,NULL,NULL,NULL,NULL,NULL,NULL,NULL,NULL,NULL,NULL,NULL,NULL,NULL,NULL,NULL,NULL,NULL,NULL),
 (32,'142857560001-39','ANTONIO CARLOS DE ANDRADE','ANTONIO CARLOS DE ANDRADE','','304003','SÃO JOSÉ DOS CAMPOS','SP','ANTONIO CARLOS DE ANDRADE','04430600880','161645562','BRASILEIRA','RUA DOS FERREIROS ','601','','PARQUE NOVO HORIZONTE','12225600','SÃO JOSÉ DOS CAMPOS','SP','39075436','','','','','MONITOR CULTURAL','CASADO','MONITOR CULTURAL ',NULL,NULL,NULL,NULL,NULL,NULL,NULL,NULL,NULL,NULL,NULL,NULL,NULL,NULL,NULL,NULL,NULL,NULL,NULL,NULL,NULL,NULL,NULL),
 (33,'13.098.384/0001-79','DIOGO VITOR DE SOUZA OLIVEIRA','DIOGO VITOR DE SOUZA OLIV','','301846','SÃO JOSÉ DOS CAMPOS','SP','DIOGO VITOR DE SOUZA OLIVEIRA','363.167.218-70','45.284.835-0','BRASILEIRA','OLÍMPIA MARIA DE PAULA','66','','PORTAL DE MINAS','12211-149','SÃO JOSÉ DOS CAMPOS','SP','(12) 3911-6046','128238-6024','','','','PROPRIETÁRIO','SOLTEIRO','MÚSICO',NULL,NULL,NULL,NULL,NULL,NULL,NULL,NULL,NULL,NULL,NULL,NULL,NULL,NULL,NULL,NULL,NULL,NULL,NULL,NULL,NULL,NULL,NULL),
 (34,'13.049.948/0001-83','JEREMIAS GONÇALVES SENA','JEREMIAS GONÇALVES SENA','','302249','SÃO JOSÉ DOS CAMPOS','SP','JEREMIAS GONÇALVES SENA','213.933.988-63','32.804.373-4','BRASILEIRA','RUA SÉRGIO SILVA DOS SANTOS','206','','CAMPO DOS ALEMÃES','12239-360','SÃO JOSÉ DOS CAMPOS','SP','','128843.5179','','','','MICRO EMPREENDEDOR INDIVIDUAL','CASADO','PROFESSOR DE MÚSICA',NULL,NULL,NULL,NULL,NULL,NULL,NULL,NULL,NULL,NULL,NULL,NULL,NULL,NULL,NULL,NULL,NULL,NULL,NULL,NULL,NULL,NULL,NULL),
 (35,'15.156.507/0001-06','RENATO SOARES COSTA','RENATO SORES COSTA','','305539','SÃO JOSÉ DOS CAMPOS','SP','RENATO SOARES COSTA','249.977.708-76','291367707','BRASILEIRA','RUA.LICE ARBEX','436','','CONJ.RESIDENCIAL DOM PEDRO I','12232650','SÃO JOSÉ DOS CAMPOS','SP','(12) 3903-3301','1298832-7887','','','','PROPRIETÁRIO','CASADO','MÚSICO(TROMPETE)',NULL,NULL,NULL,NULL,NULL,NULL,NULL,NULL,NULL,NULL,NULL,NULL,NULL,NULL,NULL,NULL,NULL,NULL,NULL,NULL,NULL,NULL,NULL),
 (36,'13.392.932/0001-79','INSTRUTOR DE ENSINO E EVENTOS','INSTRUTOR DE ENSINO E EVE','','302773','SÃO JOSÉ DOS CAMPOS','SP','ANGELA NAZÁRIO DE SOUZA','040.502.358-89','14138282','BRASILEIRA','RUA MARCO ANTONIO DOS SANTOS','25','','JD.SATÉLITE','12231800','SÃO JOSÉ DOS CAMPOS','SP','(12) 3307-7993','129215-8788','','','','MONITOR DE OFICINAS CULTURAIS','DIVORCIADO','ARTE/EDUCADORA',NULL,NULL,NULL,NULL,NULL,NULL,NULL,NULL,NULL,NULL,NULL,NULL,NULL,NULL,NULL,NULL,NULL,NULL,NULL,NULL,NULL,NULL,NULL),
 (37,'16.814.163/0001-48','RENATO  APARECIDO DOS SANTOS ','RENATO  APARECIDO DOS SAN','','187121','SÃO JOSÉ DOS CAMPOS','SP','RENATO APARECIDO DOS SANTOS','309.355.288-57','430387799','BRASILEIRA','RUA TREZE DE MAIO','451','','SÃO FRANCISCO XAVIER','12249-000','SÃO JOSÉ DOS CAMPOS','SP','','129710-0392','','','','',' Selecione','',NULL,NULL,NULL,NULL,NULL,NULL,NULL,NULL,NULL,NULL,NULL,NULL,NULL,NULL,NULL,NULL,NULL,NULL,NULL,NULL,NULL,NULL,NULL),
 (38,'13.395.332/0001-64','LEANDRO DO NASCIMENTO','LEANDRO DO NASCIMENTO','','302455','SÃO JOSÉ DOS CAMPOS','SP','LEANDRO DO NASCIMENTO','302.664.178-07','29.457.264-8','BRASILEIRA','RUA IRMÃ MARIA RUTH DO S.SACRAMENTO','99','','CAMPO DOS ALEMÃES','12239540','SÃO JOSÉ DOS CAMPOS','SP','(12) 3966-9153','','','','','REPRESENTANTE','SOLTEIRO','INSTRUTOR DE ARTES',NULL,NULL,NULL,NULL,NULL,NULL,NULL,NULL,NULL,NULL,NULL,NULL,NULL,NULL,NULL,NULL,NULL,NULL,NULL,NULL,NULL,NULL,NULL),
 (39,'13.355.054/0001-11','EVALDO ERAS 88752119815','EVALDO ERAS 88752119815','','302.321','SÃO JOSÉ DOS CAMPOS','SP','EVALDO ERAS','887.521.198-15','8411829-5','BRASILEIRA','RUA IRMÃ MARIA DEMÉTRIO KFURI','767','','JARDIM ESPLNADA II','12242-500','SÃO JOSÉ DOS CAMPOS','SP','(12) 3922-3815','128101-3324','','','','PROPRIETÁRIO','SOLTEIRO','ARTISTA PLÁSTICO-MOSAICISTA/PROFESSOR DE MOSAICO',NULL,NULL,NULL,NULL,NULL,NULL,NULL,NULL,NULL,NULL,NULL,NULL,NULL,NULL,NULL,NULL,NULL,NULL,NULL,NULL,NULL,NULL,NULL),
 (40,'17.521.128/0001-01','PATRICIA MARIA DE ARAUJO VICTOR','PATRICIA VICTOR','','24.746','SÃO JOSÉ DOS CAMPOS','SP','PATRICIA MRIA DE ARAUJO VICTOR','173.751.308-09','22.226.367','BRASILEIRA','RUA PROFESSOR JOSÉ BERNARDES PAES JUNIOR','83','','JD.SANTO ANTONIO','12281-040','CAÇAPAVA','SP','(12) 3653-3977','1281463569','','','','',' Selecione','ARTESÃ',NULL,NULL,NULL,NULL,NULL,NULL,NULL,NULL,NULL,NULL,NULL,NULL,NULL,NULL,NULL,NULL,NULL,NULL,NULL,NULL,NULL,NULL,NULL),
 (41,'01.672.317/0001-37','COMPANHIA CULTURAL VELHUS NOVATUS','VELHUS NOVATUS','','172435','SÃO JOSÉ DOS CAMPOS','SP','GUARACI APARECIDA MOREIRA','254997','26875896-7','BRASILEIRA','AV. DOS ESTADOS','470','','VILA MARIA','12209-4750','SÃO JOSÉ DOS CAMPOS','SP','','128137.9458','','','12345','PRESIDENTE','SOLTEIRO','PROFESSORA DE ARTES',NULL,NULL,NULL,NULL,NULL,NULL,NULL,NULL,NULL,NULL,NULL,NULL,NULL,NULL,NULL,NULL,NULL,NULL,NULL,NULL,NULL,NULL,NULL),
 (42,'12.215.623/0001-60','M.G.DE SOUZA ROUPAS E ACESSÓRIOS-ME','REVOLUTION HIGGLER','','302137','SÃO JOSÉ DOS CAMPOS','SP','MARIA GORETH DE SOUZA','060.841.878-60','175300513','BRASILEIRA','RUA ABÍLIA MACHADO','53','BLOCO 8 APT.11','VILA INDUSTRIAL','12220-110','SÃO JOSÉ DOS CAMPOS','SP','(12) 3902-9690','129763-2677','','','','',' Selecione','ARTE-EDUCADORA',NULL,NULL,NULL,NULL,NULL,NULL,NULL,NULL,NULL,NULL,NULL,NULL,NULL,NULL,NULL,NULL,NULL,NULL,NULL,NULL,NULL,NULL,NULL),
 (43,'13.416.983/0001-93','RODOLPHO DESIDERÁ PINOTTI','RODOLPHO DESIDERA PINOTTI','','302453','SÃO JOSÉ DOS CAMPOS','SP','RODOLPHO DESIDERA PINOTTI','328.611.218-66','353958049','BRASILEIRA','RUA ALVARO GONÇALVES JUNIOR','330','BL.B4','PQ.INDUSTRIAL','12235-670','SÃO JOSÉ DOS CAMPOS','SP','(12) 4141-2482','1298203-7908','','','','PROPRIETÁRIO','SOLTEIRO','ATOR',NULL,NULL,NULL,NULL,NULL,NULL,NULL,NULL,NULL,NULL,NULL,NULL,NULL,NULL,NULL,NULL,NULL,NULL,NULL,NULL,NULL,NULL,NULL),
 (44,'13.361.003/0001-00','MARCELA SILVA PUPPIO 222.880.738-96','MARCELA SILVA PUPPIO','','302813','SÃO JOSÉ DOS CAMPOS','SP','MARCELA SILVA PUPPIO','222.880.738-96','350.87635-6','BRASILEIRA','RUA MINAS GERAIS','52','APT.52','VILA MARIA','12209-290','SÃO JOSÉ DOS CAMPOS','SP','(12) 9633-1630','123921-5450','','','','PROPRIETÁRIA','SOLTEIRO','ATRIZ E CONTADORA DE HISTÓRIAS',NULL,NULL,NULL,NULL,NULL,NULL,NULL,NULL,NULL,NULL,NULL,NULL,NULL,NULL,NULL,NULL,NULL,NULL,NULL,NULL,NULL,NULL,NULL),
 (45,'17.495.362/0001-01','SÉRGIO CARNEIRO DA SILVA','SERGIO PONTY','','307936','SÃO JOSÉ DOS CAMPOS','SP','SÉRGIO CARNEIRO DA SILVA','288.223.988-23','295919395','BRASILEIRA','RUA SILVIO GALLICHO','139','','JD.IMPERIAL','12234060','SÃO JOSÉ DOS CAMPOS','SP','(11) 9739-45289','123966-9364','','','','ARTISTA','SOLTEIRO','ARTISTA',NULL,NULL,NULL,NULL,NULL,NULL,NULL,NULL,NULL,NULL,NULL,NULL,NULL,NULL,NULL,NULL,NULL,NULL,NULL,NULL,NULL,NULL,NULL),
 (46,'12.616.426/0001-53','JÚLIO SUÑÉ','JÚLIO SUÑÉ','','301377','SÃO JOSÉ DOS CAMPOS','SP','JÚLIO SUÑÉ','273.235.988-26','28060244-3','BRASILEIRA','RUA GERALDO DOS SANTOS NUNES','162','','JARDIM SUL','12200-000','SÃO JOSÉ DOS CAMPOS','SP','','12981313313','','','','MICRO EMPREENDEDOR INDIVIDUAL','SOLTEIRO','ATOR/EDUCADOR',NULL,NULL,NULL,NULL,NULL,NULL,NULL,NULL,NULL,NULL,NULL,NULL,NULL,NULL,NULL,NULL,NULL,NULL,NULL,NULL,NULL,NULL,NULL),
 (47,'13.277.550/0001-02','ANA CRISTINA PILCHOWSKI 21471259897','ANA CRISTINA PILCHOWSKI','','302169','SÃO JOSÉ DOS CAMPOS','SP','ANA CRISTINA PILCHOWSKI','214.712.598-97','28809817-1','BRASILEIRA','RUA CONSELHEIRO RODRIGUES ALVES','435','','CENTRO','12209-540','SÃO JOSÉ DOS CAMPOS','SP','(12) 3911-5727','129741.2177','','','','EMPRESÁRIO','SOLTEIRO','ATRIZ',NULL,NULL,NULL,NULL,NULL,NULL,NULL,NULL,NULL,NULL,NULL,NULL,NULL,NULL,NULL,NULL,NULL,NULL,NULL,NULL,NULL,NULL,NULL),
 (48,'13.075.266/0001-45','GUSTAVO FATAKI SILVA OLIVEIRA 34952867803','GUSTAVO FATAKI SILVA OLIV','','301949','SÃO JOSÉ DOS CAMPOS','SP','GUSTAVO FATAKI SILVA OLIVEIRA','349.528.678-03','43.756.843-X','BRASILEIRA','RUA MARI JOSÉ AMARAL ALVES','15','','URBANOVA','12244-861','SÃO JOSÉ DOS CAMPOS','SP','(12) 3937-8353','12981548250','','','','MICROEMPREENDEDOR','SOLTEIRO','BAILARINO MONITOR DE OFICINAS ARTÍSTICAS',NULL,NULL,NULL,NULL,NULL,NULL,NULL,NULL,NULL,NULL,NULL,NULL,NULL,NULL,NULL,NULL,NULL,NULL,NULL,NULL,NULL,NULL,NULL),
 (49,'13.343.505/0001-09','GLAUCIA FERNANDES RIBEIRO 26876953866','GLAUCIA FERNANDES','','302528','SÃO JOSÉ DOS CAMPOS','SP','GLAUCIA FERNANDES RIBEIRO','268.769.538-8','28.761.782-8','BRASILEIRA','CASEMIRO DE ABREU','254','','VILA EMA','12.243-600','SÃO JOSÉ DOS CAMPOS','','(12) 3308-4569','129196-0168','','','','PROPRIETÁRIA','SOLTEIRO','INSTRUTORA DE ARTE EM GERAL',NULL,NULL,NULL,NULL,NULL,NULL,NULL,NULL,NULL,NULL,NULL,NULL,NULL,NULL,NULL,NULL,NULL,NULL,NULL,NULL,NULL,NULL,NULL),
 (50,'13.419.781/0001-03','MARIETI BUENO DE ALMEIDA','MARIETI BUENO DE ALMEIDA','','302433','SÃO JOSÉ DOS CAMPOS','SP','MARIETE BUENO DE ALMEIDA','214.687.978-59','17635754-3','BRASILEIRA','AV.NOVE DE JULHO','1027','APT.201','JD.APOLO','12243-000','SÃO JOSÉ DOS CAMPOS','SP','','1297637110','','','','PROPRIETÁRIA','CASADO','ARTE EDUCADORA',NULL,NULL,NULL,NULL,NULL,NULL,NULL,NULL,NULL,NULL,NULL,NULL,NULL,NULL,NULL,NULL,NULL,NULL,NULL,NULL,NULL,NULL,NULL),
 (51,'13.510.602/0001-30','EDGAR  ALVES MARIANO RIBEIRO 09052937621','EDDY ALVES','','302735','SÃO JOSÉ DOS CAMPOS','','EDGAR ALVES MARIANO RIBEIRO','','52.653.032-7','BRASILEIRA','NOSSA SENHORA DO LORETTO','780','','JD. SÃO JUDAS TADEU','12.228-422','SÃO JOSÉ DOS CAMPOS','SP','(12) 3944-3381','1288312213/88667683','','','','','CASADO','DANÇARINO',NULL,NULL,NULL,NULL,NULL,NULL,NULL,NULL,NULL,NULL,NULL,NULL,NULL,NULL,NULL,NULL,NULL,NULL,NULL,NULL,NULL,NULL,NULL),
 (52,'13.346.974/0001-73','FÁTIMA APARECIDA ALMEIDA ALVES DOS SANTOS','FÁTIMA APARECIDA ALMEIDA ','','303.537','SÃO JOSÉ DOS CAMPOS','SP','FÁTIMA APRECIDA ALMEIDA ALVES DOS SANTOS','098.448.988-62','13.387.607','BRASILEIRA','RUA CAPARAÓ','331','','JD.ISMÊNIA','12.220-750','SÃO JOSÉ DOS CAMPOS','SP','(12) 3929-6711','129112.5110','','','','',' Selecione','MONITORA DE CONSTRUÇÃO DE BRINQUEDOS',NULL,NULL,NULL,NULL,NULL,NULL,NULL,NULL,NULL,NULL,NULL,NULL,NULL,NULL,NULL,NULL,NULL,NULL,NULL,NULL,NULL,NULL,NULL),
 (53,'12.274.156/0001-40','BENEDITO DOMINGOS DOS SANTOS','BENEDITO DOMINGOS DOS SAN','','301456','SÃO JOSÉ DOS CAMPOS','SP','BENEDITO DOMINGOS DOS SANTOS','019.309.118-66','12.683.725','BRASILEIRA','RUA CAPARAÓ','331','','JD.ISMÊNIA','12.220-750','SÃO JOSÉ DOS CAMPOS','SP','(12) 3929-6711','129788.9933','','','','',' Selecione','MONITOR DE CONSTRUÇÃO DE BRINQUEDOS',NULL,NULL,NULL,NULL,NULL,NULL,NULL,NULL,NULL,NULL,NULL,NULL,NULL,NULL,NULL,NULL,NULL,NULL,NULL,NULL,NULL,NULL,NULL),
 (54,'11.465.145/0001-84','A.T.DA SILVA CAPOEIRA','A.T. DA SILVA CAPOEIRA','','45437','SÃO JOSÉ DOS CAMPOS','SP','ADARILSON THIAGO DA SILVA','316.677.278-26','426987639','BRASILEIRA','RUA VICENTE ITALO FEOLA','286','','JD.PRIMAVERA','12306560','SÃO JOSÉ DOS CAMPOS','SP','(12) 3958-2617','1281768632','aaa@aaa.com.br','','12345','DONO','SOLTEIRO','PROFESSOR DE CAPOEIRA','6','1',NULL,'2015-06-24 00:00:00',NULL,NULL,NULL,NULL,NULL,NULL,NULL,NULL,NULL,NULL,NULL,NULL,NULL,NULL,NULL,NULL,NULL,NULL,NULL),
 (55,'13.142.119/0001-40','MARCO AURÉLIO DE OLIVEIRA','MARCO CUCA','','302360','SÃO JOSÉ DOS CAMPOS','SP','MARCO AURÉLIO DE OLIVEIRA','109.628.078-77','20439765','BRASILEIRA','RUA FRNCISCO JOSÉ DA COSTA','139','','SANTANA','12211-780','SÃO JOSÉ DOS CAMPOS','SP','(12) 3948-1380','1297659654','','','','EMPRESÁRIO',' Selecione','MÚSICO',NULL,NULL,NULL,NULL,NULL,NULL,NULL,NULL,NULL,NULL,NULL,NULL,NULL,NULL,NULL,NULL,NULL,NULL,NULL,NULL,NULL,NULL,NULL),
 (56,'13.089.874/0001-09','ALEXANDRE AUGUSTO PIVOTT DA FONSECA','ALEXANDRE AUGUSTO PIVOTT ','','302559','SÃO JOSÉ DOS CAMPOS','SP','ALEXANDRE AUGUSTO PIVOTT DA FONSECA','311.972.008-94','33944500-2','BRASILEIRA','RUA TAURUS','105','','JD.DA GRANJA','12227-340','SÃO JOSÉ DOS CAMPOS','SP','(12) 3921-1416','','','','','DIRETOR','SOLTEIRO','MÚSICO',NULL,NULL,NULL,NULL,NULL,NULL,NULL,NULL,NULL,NULL,NULL,NULL,NULL,NULL,NULL,NULL,NULL,NULL,NULL,NULL,NULL,NULL,NULL),
 (57,'17.573.062/0001-95','JOSÉ SOARES DA SILVA','JOSÉ SOARES DA SILVA','','41581302192/2013','SÃO JOSÉ DOS CAMPOS','SP','JOSÉ SOARES DA SILVA','169.111.728-53','14.134.138-5','BRASILEIRA','Rua da Consolação','390','','Santana','12.212-180','São José dos Campos','SP','(12) 3942-1254','(12) 88765-8897','','','','PROFESSOR DE VIOLÃO E VIOLA CAIPIRA','CASADO','PROFESSOR','1',NULL,NULL,NULL,NULL,NULL,NULL,NULL,NULL,NULL,NULL,NULL,NULL,NULL,NULL,NULL,NULL,NULL,NULL,NULL,NULL,NULL,NULL),
 (58,'13.303.566/0001-34','LUIS MAURICIO GIL DE SOUZA DINIZ','GIL DINIZ','','302484','SÃO JOSÉ DOS CAMPOS','SP','LUIS MAURICIO DE GIL DE SOUZA DINIZ','144.665.358-76','18.042.666-7','BRASILEIRA','RUA GENERAL OSÓRIO','54','','JD.MARINGÁ','12243-590','SÃO JOSÉ DOS CAMPOS','SP','(12) 3942-5495','129111-8490','','','','MONITOR DE VIOLA CAIPIRA E VIOLÃO','CASADO','PROFESSOR E MÚSICO',NULL,NULL,NULL,NULL,NULL,NULL,NULL,NULL,NULL,NULL,NULL,NULL,NULL,NULL,NULL,NULL,NULL,NULL,NULL,NULL,NULL,NULL,NULL),
 (59,'17.418.397/0001-39','LIGIA KAMADA BOULENGER','LIGIA KAMADA','','006/2013','SÃO JOSÉ DOS CAMPOS','SP','LIGIA KAMADA BOULENGER','305.836.998-04','28826604-4','BRASILEIRA','TRAVESSA BRAGA','500','','SOUZA','12250-000','SÃO JOSÉ DOS CAMPOS','SP','','129239.3727/973910731','','','','MONITOR DE OFICINAS','CASADO','PRODUTORA/MUSICISTA',NULL,NULL,NULL,NULL,NULL,NULL,NULL,NULL,NULL,NULL,NULL,NULL,NULL,NULL,NULL,NULL,NULL,NULL,NULL,NULL,NULL,NULL,NULL),
 (60,'13.269.861/0001-11','ANDRÉ MOHOR LOURENÇO 21847982824','ANDRE MOHOR LOURENÇO','','302634','SÃO JOSÉ DOS CAMPOS','SP','ANDRE MOHOR LOURENÇO','218.479.828-24','33.733.710-X','BRASILEIRA','RUA ARUBA','124','','VISTA VERDE','12.223-780','SÃO JOSÉ DOS CAMPOS','SP','(12) 3018-5357','1291072083','','','','',' Selecione','',NULL,NULL,NULL,NULL,NULL,NULL,NULL,NULL,NULL,NULL,NULL,NULL,NULL,NULL,NULL,NULL,NULL,NULL,NULL,NULL,NULL,NULL,NULL),
 (61,'13.108.280/0001-06','JÚLIO CESAR BATISTA','JÚLIO CESAR BATISTA','','301828','SÃO JOSÉ DOS CAMPOS','','','214.356.148-28','272587412','BRASILEIRA','RUA JAVAES','71','','CONJUNTO RESIDENCIAL VALE DOS PINHEIROS','12242-370','SÃO JOSÉ DOS CAMPOS','SP','(12) 3941-1257','1296276760','','','','','CASADO','',NULL,NULL,NULL,NULL,NULL,NULL,NULL,NULL,NULL,NULL,NULL,NULL,NULL,NULL,NULL,NULL,NULL,NULL,NULL,NULL,NULL,NULL,NULL),
 (62,'11.617.341/0001-27','LA MUSIQUE PRODUTORA','LA MUSIQUE PRODUTORA','','303728','SÃO JOSÉ DOS CAMPOS','SP','BARTOLOMEU VAZ MENDES','224.466.958-09','307871587','BRASILEIRA','RUA JOSÉ ANTONIO CURY','76','','SANTANA','12211-080','SÃO JOSÉ DOS CAMPOS','SP','','1291552139','','','','DIRETOR',' Selecione','MUSICO',NULL,NULL,NULL,NULL,NULL,NULL,NULL,NULL,NULL,NULL,NULL,NULL,NULL,NULL,NULL,NULL,NULL,NULL,NULL,NULL,NULL,NULL,NULL),
 (63,'17.790.958/0001-26','RODRIGO BRAGA 21600765890','ESCOLA ESTÚDIO RODRIGO PO','','308133','SÃO JOSÉ DOS CAMPOS','SP','RODRIGO BRAGA POLI','216.007.658-90','32.419.590-4','BRASILEIRA','LUIZ GUSTAVO DE VASCONCEL ','149','','BOSQUE DOS IPÊS','12236-872','SÃO JOSÉ DOS CAMPOS','SP','(12) 3206-1292','128877-3416','','','','',' Selecione','PROFESSOR DE MÚSICA',NULL,NULL,NULL,NULL,NULL,NULL,NULL,NULL,NULL,NULL,NULL,NULL,NULL,NULL,NULL,NULL,NULL,NULL,NULL,NULL,NULL,NULL,NULL),
 (64,'14.415.208/0001-86','LUIZ AUGUSTO MOREIRA SILVA 28720942885','LUIZ AUGUSTO MOREIRA SILV','','48564','JACAREI','SP','LUIZ  AUGUSTO MOREIRA SILVA','287.209.428-85','295284213','BRASILEIRA','SÃO DIEGO','307','APTO31','JARDIM CALIFORNIA ','12305650','JACAREI','SP','(12) 3351-5060','88234902','','','','PROPRIETARIO','DIVORCIADO','ATOR',NULL,NULL,NULL,NULL,NULL,NULL,NULL,NULL,NULL,NULL,NULL,NULL,NULL,NULL,NULL,NULL,NULL,NULL,NULL,NULL,NULL,NULL,NULL),
 (65,'14.415.208/0001-86','LUIZ AUGUSTO MOREIRA SILVA 28720942885','LUIZ AUGUSTO MOREIRA SILV','','48564','JACAREI','SP','LUIZ  AUGUSTO MOREIRA SILVA','287.209.428-85','295284213','BRASILEIRA','SÃO DIEGO','307','APTO31','JARDIM CALIFORNIA ','12305650','JACAREI','SP','(12) 3351-5060','88234902','','','','PROPRIETARIO','DIVORCIADO','ATOR',NULL,NULL,NULL,NULL,NULL,NULL,NULL,NULL,NULL,NULL,NULL,NULL,NULL,NULL,NULL,NULL,NULL,NULL,NULL,NULL,NULL,NULL,NULL),
 (66,'17.515.660/0001-08','DIEGO RODRIGO JACINTO 3558822586814','DIEGO  RODRIGO JACINTO','','307983','SÃO JOSÉ DOS CAMPOS','SP','DIEGO RODRIGO JACINTO ','355.825.868-14','271286209','BRASILEIRA','RUA TURIACU','681','','PARQUE INDUSTRIAL','12235650','SÃO JOSÉ DOS CAMPOS','SP','','88023432','','','','PROPRIETARIO','CASADO','ATOR ',NULL,NULL,NULL,NULL,NULL,NULL,NULL,NULL,NULL,NULL,NULL,NULL,NULL,NULL,NULL,NULL,NULL,NULL,NULL,NULL,NULL,NULL,NULL),
 (67,'13.058.049/0001-47','ALEX DOMINGOS CARDOSO ','ALEX DOMINGOS CARDOSO','','302391','SÃO JOSÉ DOS CAMPOS','SP','ALEX DOMINGOS CARDOSO ','256.174.858-81','250704705','BRASILEIRA','Rua Florença','197','','Conjunto Residencial Trinta e Um de Março','12237060','São José dos Campos','SP','(12) 3456-7890','88245711','','','','PROPRIETARIO','SOLTEIRO','ATOR E DIRETOR TEATRO',NULL,NULL,NULL,NULL,NULL,NULL,NULL,NULL,NULL,NULL,NULL,NULL,NULL,NULL,NULL,NULL,NULL,NULL,NULL,NULL,NULL,NULL,NULL),
 (68,'13.122.127/0001-25','KARDEC GONZAGA','KARDEC GONZAGA','','302411','SÃO JOSÉ DOS CAMPOS','SP','KARDEC GONZAGA','928.798.618-53','97938452','BRASILEIRA','AV MARECHAL FLORIANO PEIXOTO','180','APT02','CENTRO','12210-030','SÃO JOSÉ DOS CAMPOS','SP','(12) 3941-8996','','','','12345','','CASADO','PROFESSOR DE MUSICA ',NULL,NULL,NULL,NULL,NULL,NULL,NULL,NULL,NULL,NULL,NULL,NULL,NULL,NULL,NULL,NULL,NULL,NULL,NULL,NULL,NULL,NULL,NULL),
 (69,'18.509.696/0001-41','EDUARDO HENRIQUE CARVALHO FUJITA ','EDUARDO HENRIQUE CARVALHO','','309900','SÃO JOSÉ DOS CAMPOS','SP','EDUARDO HENRIQUE CARVALHO FUJITA ','350.198.588-62','400355486','BRASILEIRA','RUA CARVALHO DE ARAUJO','181','','VILA MARIA','12209390','SÃO JOSÉ DOS CAMPOS','SP','(12) 3923-3811','982631208','','','','MONITOR DE CONTO CORAL','SOLTEIRO','MUSICO ',NULL,NULL,NULL,NULL,NULL,NULL,NULL,NULL,NULL,NULL,NULL,NULL,NULL,NULL,NULL,NULL,NULL,NULL,NULL,NULL,NULL,NULL,NULL),
 (70,'13.298.174/0001-24','ALESSANDRO JUNIOR SILVA 24986193805','ALESSANDRO JUNIOR SILVA ','','302329','SÃO JOSÉ DOS CAMPOS','SP','ALESSANDRO JUNIOR SILVA ','249.861.938-05','253239448','BRASILEIRA','RUA FREI HERNIQUE DE COIMBRA','108','','SANTANA','12211280','SÃO JOSÉ DOS CAMPOS','SP','','997706188','','','','PROPRIETARIO ','SOLTEIRO','MUSICO E ARTE EDUCADOR',NULL,NULL,NULL,NULL,NULL,NULL,NULL,NULL,NULL,NULL,NULL,NULL,NULL,NULL,NULL,NULL,NULL,NULL,NULL,NULL,NULL,NULL,NULL),
 (71,'14.500.143/0001-77','AMANDA CRISTINA DE MOURA','AMANDA CRISTINA DE MOURA','','58944','SÃO JOSÉ DOS CAMPOS','SP','AMANDA CRISTINA DE MOURA','370.239.418-43','421012134','BRASILEIRA','RUA SAO PEDRO ','668','','ALTO SAO PEDRO','12082010','TAUBATE ','SP','(12) 3426-6110','','','','','BAILARINA','SOLTEIRO','BAILARINA',NULL,NULL,NULL,NULL,NULL,NULL,NULL,NULL,NULL,NULL,NULL,NULL,NULL,NULL,NULL,NULL,NULL,NULL,NULL,NULL,NULL,NULL,NULL),
 (72,'16.527.967/0001-66','CAREN FERNANDA RUARO REIS MEI','CAREN FERNANDA RUARO ','','24243','SÃO JOSÉ DOS CAMPOS','SP','CAREN FERNANDA RUARO REIS','308.671.378-00','343316237','BRASILEIRA','AV VEREADOR GERALDO NOGUEIRA DA SILVA','2460','','VILA GALVÃO ','12286285','CAÇAPAVA','SP','','988427447','','','','PROPRIETARIA','CASADO','ATRIZ',NULL,NULL,NULL,NULL,NULL,NULL,NULL,NULL,NULL,NULL,NULL,NULL,NULL,NULL,NULL,NULL,NULL,NULL,NULL,NULL,NULL,NULL,NULL),
 (73,'03.159.024/0001-86','ASSOCIAÇÃO CULTURAL E ECOLOGIGA  CELEBRAÇÃO AO RENASCIMENTO DAS ARTES','ASSOCIAÇÃO CULTURAL E ECO','','113045','SÃO JOSÉ DOS CAMPOS','SP','ALTAIR PEDRO VILELA DE OLIVEIRA','271.834.288-93','270255722','BRASILEIRA','PRAÇA FLORIPES BICUDO MARTINS','71','','JARDIM ESPLANADA ','12242471','SÃO JOSÉ DOS CAMPOS','SP','','97526336','','','','DIRETOR PRESIDENTE ','SOLTEIRO','GESTOR CULTURAL ',NULL,NULL,NULL,NULL,NULL,NULL,NULL,NULL,NULL,NULL,NULL,NULL,NULL,NULL,NULL,NULL,NULL,NULL,NULL,NULL,NULL,NULL,NULL),
 (74,'13.562.272/0001-27','WILLIAN WANDERLAN REBOUCAS GUIMARAES ','WILLIAN WANDERLAN REBOUCA','','302721','SÃO JOSÉ DOS CAMPOS','SP','WILLIAN WANDERLAN REBOUCAS GUIMARES','352.313.878-78','458182254','BRASILEIRA','RUA RENATO COSTA RODRIGUES ','344','','JARDIM TORRAO DE OURO ','12229230','SÃO JOSÉ DOS CAMPOS','SP','','','','','','','SOLTEIRO','',NULL,NULL,NULL,NULL,NULL,NULL,NULL,NULL,NULL,NULL,NULL,NULL,NULL,NULL,NULL,NULL,NULL,NULL,NULL,NULL,NULL,NULL,NULL),
 (75,'14.285.756/0001-39','ANTONIO CARLOS DE ANDRADE ','ANTONIO CARLOS DE ANDRADE','','124817','SÃO JOSÉ DOS CAMPOS','SP','ANTONIO CARLOS DE ANDRADE','044.306.008-80','161645562','BRASILEIRO','RUA DOS FERREIROS ','601','','PARQUE NOVO HORIZONTE','12225600','SÃO JOSÉ DOS CAMPOS','SP','(12) 3907-5436','','','','12345','MONITOR CULTURAL','CASADO',' MONITOR CULTURAL',NULL,NULL,NULL,NULL,NULL,NULL,NULL,NULL,NULL,NULL,NULL,NULL,NULL,NULL,NULL,NULL,NULL,NULL,NULL,NULL,NULL,NULL,NULL),
 (76,'18.118.132/0001-88','CARLOS ALBERTO JAVKIN','MILONGAS SENTIMENTAIS','','308965','SÃO JOSÉ DOS CAMPOS','SP','CARLOS ALBERTO JAVKIN','220.316.338-05','RNEY267180M','ARGENTINA','RUA EMILIA VIEIRA DE ANDRADE','52','CASA 2','PORTAL DE MINAS ','12211151','SÃO JOSÉ DOS CAMPOS','SP','','991320254','','','12345','PROPRIETARIO','CASADO','ARTISTA ',NULL,NULL,NULL,NULL,NULL,NULL,NULL,NULL,NULL,NULL,NULL,NULL,NULL,NULL,NULL,NULL,NULL,NULL,NULL,NULL,NULL,NULL,NULL),
 (77,'12.613.731/0001-91','LUCILENE DE SOUZA DIAS ','TEATRO DE GRAVATA','','301176','SÃO JOSÉ DOS CAMPOS','SP','LUCILENE DE SOUZA DIAS','062.446.408-37','17334434','BRASILEIRA','RUA JOSE DIAS AGUIAR','113','','SANTANA','12212080','SÃO JOSÉ DOS CAMPOS','SP','(12) 3027-0690','','','','12345','PROPRIETARIA','CASADO','ARTE EDUCADORA',NULL,NULL,NULL,NULL,NULL,NULL,NULL,NULL,NULL,NULL,NULL,NULL,NULL,NULL,NULL,NULL,NULL,NULL,NULL,NULL,NULL,NULL,NULL),
 (78,'17.168.245/0001-25','DENILSON EDUARDO DE PAULA','DENILSON EDUARDO DE PAULA','','307859','SÃO JOSÉ DOS CAMPOS','SP','DENILSON EDUARDO DE PAULA','057.891.218-02','176324057','BRASILEIRA','RUA DOUTOR CLAUDIO MARTINS MIRANDA CHAVES','330','','JD SÃO VICENTE ','12224410','SÃO JOSÉ DOS CAMPOS','SP','(12) 3308-1917','997612914','','','12345','PROPRIETARIO','CASADO','MÚSICO',NULL,NULL,NULL,NULL,NULL,NULL,NULL,NULL,NULL,NULL,NULL,NULL,NULL,NULL,NULL,NULL,NULL,NULL,NULL,NULL,NULL,NULL,NULL),
 (79,'11.446.342/0001-56','CLAYTON DA SILVA MAIA','CSM ARTE CULTURA ESPORTE ','','200269689','JAGUARIÚNA','SP','CLAYTON DA SILVA MAIA','309.660.598-08','335082543','BRASILEIRO','PRAÇA BRASILIA','53','','CENTRO','138200000','JAGUARIÚNA','SP','','996340802','','','12345','PROFESSOR DE CAPOEIRA','SOLTEIRO','PROFESSOR DE CAPOEIRA',NULL,NULL,NULL,NULL,NULL,NULL,NULL,NULL,NULL,NULL,NULL,NULL,NULL,NULL,NULL,NULL,NULL,NULL,NULL,NULL,NULL,NULL,NULL),
 (80,'19.410.530/0001-36','CRISTIANA ALCANTARA AFLALO ','CRIS AFLALO PRODUÇÕES OFI','','35809796791','SÃO PAULO','SP','CRISTINA ALCANTARA AFLALO','273.361.988-80','289932579','BRASILEIRA','RUA HADDOCK LOBO','117','','CERQUEIRA CESAR','01414002','SÃO PAULO','SP','','997981448','','','12345','PROPRIETARIA','SOLTEIRO','CANTORA PRODUTORA',NULL,NULL,NULL,NULL,NULL,NULL,NULL,NULL,NULL,NULL,NULL,NULL,NULL,NULL,NULL,NULL,NULL,NULL,NULL,NULL,NULL,NULL,NULL),
 (81,'17.791.362/0001-40','ELENICE  MARY DOS SANTOS CARVALHO','ELLE CARVALHO','','308254','SÃO JOSÉ DOS CAMPOS','SP','ELENICE MARY DOS SANTOS CARVALHO','225.113.548-02','29591693X','BRASILEIRA','RUA TUPINAMBÁS','50','','VILA JACY','12211300','SÃO JOSÉ DOS CAMPOS','SP','(12) 3926-1265','997248166','','','12345','PROPRIETARIA','CASADO','MONITORA DE OFICINA CONTAÇÃO DE HISTORIAS',NULL,NULL,NULL,NULL,NULL,NULL,NULL,NULL,NULL,NULL,NULL,NULL,NULL,NULL,NULL,NULL,NULL,NULL,NULL,NULL,NULL,NULL,NULL),
 (82,'13.358.030/0001-16','ELIETE CRISTINA DOS SANTOS','ELIETE CRISTINA DOS SANTO','','302334','SÃO JOSÉ DOS CAMPOS','SP','ELIETE CRISTINA DOS SANTOS','186.694.998-51','281938970','BRASILEIRA','RUA IRMA MARIA DEMETRIA KFURI','560','APT112','ESPLANADA II','12242500','SÃO JOSÉ DOS CAMPOS','SP','','981330688','','','12345','MICROEMPREENDEDOR',' Selecione','PROFESSORA DE DANÇA',NULL,NULL,NULL,NULL,NULL,NULL,NULL,NULL,NULL,NULL,NULL,NULL,NULL,NULL,NULL,NULL,NULL,NULL,NULL,NULL,NULL,NULL,NULL),
 (83,'19.187.056/0001-25','ERIK FERNANDES DE OLIVEIRA ','ERIK FERNANDES ','','310782','SÃO JOSÉ DOS CAMPOS','SP','ERIK FERNANDES DE OLIVEIRA ','217.244.768-40','455686336','BRASILEIRA','AVENIDA CONDE FRANCISCO MATARAZZO ','219','','JARDIM TELESPARK','12212710','SÃO JOSÉ DOS CAMPOS','SP','(12) 3923-7218','988776482','','','12345','PROPRIETARIO','SOLTEIRO','POETA ',NULL,NULL,NULL,NULL,NULL,NULL,NULL,NULL,NULL,NULL,NULL,NULL,NULL,NULL,NULL,NULL,NULL,NULL,NULL,NULL,NULL,NULL,NULL),
 (84,'17.195.379/0001-35','EDSON DE SOUZA ','EDSON DE SOUZA','','50719','JACAREI','SP','EDSON','109.745.488-63','10877250','BRASILEIRA','RUA JOSE JORDAO MERCADENTE ','236','','JARDIM PARAISO','12316470','SÃO JOSÉ DOS CAMPOS','SP','','98806666414','ethikatecnologia@hotmail.com','','12345','PROPRIETARIO','CASADO','MUSICO',NULL,NULL,NULL,NULL,NULL,NULL,NULL,NULL,NULL,NULL,NULL,NULL,NULL,NULL,NULL,NULL,NULL,NULL,NULL,NULL,NULL,NULL,NULL),
 (85,'11.013.688/0001-60','INSTITUTO ECOCULTURA DE EDUCAÇÃO PATRIMONIAL','INSTITUTO ECOCULTURA','','172287','SÃO JOSÉ DOS CAMPOS','SP','FÁBIO DE OLIVEIRA RAMOS','109.620.018-05','25.322.441-X','BRASILEIRA','RUA OSVALDO MACEDO LECQUES','176','','JARDIM SATÉLITE','2231-610','SÃO JOSÉ DOS CAMPOS','SP','','(12) 9815-49932','ethikatecnologia@hotmail.com','','12345','PRESIDENTE','DIVORCIADO','JORNALISTA',NULL,NULL,NULL,NULL,NULL,NULL,NULL,NULL,NULL,NULL,NULL,NULL,NULL,NULL,NULL,NULL,NULL,NULL,NULL,NULL,NULL,NULL,NULL),
 (86,'11.432.193/0001-76','ROBERVAL RODOLFO DE OLIVEIRA','ROBERVAL RODOLFO ','','175462','SÃO JOSÉ DOS CAMPOS','SP','ROBERVAL RODOLFO DE OLIVEIRA','175.891.218-94','20654100','BRASILEIRA','AVENIDA NOVE DE JULHO','1027','APT 201','JD APOLO','12243000','SÃO JOSÉ DOS CAMPOS','SP','','(12)997241252','ethikatecnologia@hotmail.com','','12345','PROPRIETARIO','CASADO','ATOR  ARTE EDUCADOR',NULL,NULL,NULL,NULL,NULL,NULL,NULL,NULL,NULL,NULL,NULL,NULL,NULL,NULL,NULL,NULL,NULL,NULL,NULL,NULL,NULL,NULL,NULL),
 (87,'19.421.769/0001-01','GABRIEL FERNANDEZ TOLGYESI','GABRIEL FERNANDEZ TOLGYES','','311307','SÃO JOSÉ DOS CAMPOS','SP','GABRIEL FERNANDEZ   TOLGYESI','406.795.898-64','478360654','BRASILEIRA','RUA DOMINGOS JORGE VELHO','118','','JARDIM NOVA AMERICA ','12242620','SÃO JOSÉ DOS CAMPOS','SP','(12) 3923-3430','996517304','ethikatecnologia@hotmail.com','','12345','PROPRIETARIO','SOLTEIRO','BAILARINO',NULL,NULL,NULL,NULL,NULL,NULL,NULL,NULL,NULL,NULL,NULL,NULL,NULL,NULL,NULL,NULL,NULL,NULL,NULL,NULL,NULL,NULL,NULL),
 (88,'19.495.444/0001-73','FLAVIO FACHINI FERREIRA','FLAVIO FACHINI FERREIRA','','311439','SÃO JOSÉ DOS CAMPOS','SP','FLAVIO FACHINI  FERREIRA ','369.097.848-9','442627269','BRASILEIRO','AV. SÃO JOSÉ','1009','','CENTRO','12209621','SÃO JOSÉ DOS CAMPOS','SP','(12) 3911-5145','997245018','ethikatecnologia@hotmail.com','','12345','PROPRIETARIO','SOLTEIRO','MUSICO',NULL,NULL,NULL,NULL,NULL,NULL,NULL,NULL,NULL,NULL,NULL,NULL,NULL,NULL,NULL,NULL,NULL,NULL,NULL,NULL,NULL,NULL,NULL),
 (89,'14.735.646/0001-21','FABIO MARTINS BUENO','FABIO MARTINS BUENO','','48820','JACAREI','SP','FABIO MARTINS BUENO','216.840.138-10','321324280','BRASILEIRO','RUA EXPEDICIONÁRIO JOÃO SANTANA','105','','JARDIM DAS INDUSTRIAS ','12306110','JACAREI','SP','(12) 3308-3056','982813669','ethikatecnologia@hotmail.com','','12345','PROPRIETARIO','CASADO','HISTORIADOR',NULL,NULL,NULL,NULL,NULL,NULL,NULL,NULL,NULL,NULL,NULL,NULL,NULL,NULL,NULL,NULL,NULL,NULL,NULL,NULL,NULL,NULL,NULL),
 (90,'18.574.676/0001-54','FABIO SILVA CAMARGO','FABIO DAMUSI','','310831','SÃO JOSÉ DOS CAMPOS','SP','FABIO SILVA CAMARGO','260.930.668-78','280881307','BRASILEIRA','RUA CARLOS DANIELLI','154','','DOM PEDRO','12232490','SÃO JOSÉ DOS CAMPOS','SP','(12) 3903-4607','981344721','ethikatecnologia@hotmail.com','','12345','PROPRIETARIO','CASADO','MUSICO',NULL,NULL,NULL,NULL,NULL,NULL,NULL,NULL,NULL,NULL,NULL,NULL,NULL,NULL,NULL,NULL,NULL,NULL,NULL,NULL,NULL,NULL,NULL),
 (91,'15.233.871/0001-22','FERNANDO MARCOS PEREIRA RODRIGUES','FERNANDO MARCOS PEREIRA R','','305525','SÃO JOSÉ DOS CAMPOS','SP','FERNANDO MARCOS PEREIRA RODRIGUES','081.293.178-50','223830240','BRASILEIRO','RUA MONTE AZUL','792','','CHACARAS REUNIDAS','12238350','SÃO JOSÉ DOS CAMPOS','SP','','9883543','ethikatecnologia@hotmail.com','','12345','PROPRIETARIO','CASADO','',NULL,NULL,NULL,NULL,NULL,NULL,NULL,NULL,NULL,NULL,NULL,NULL,NULL,NULL,NULL,NULL,NULL,NULL,NULL,NULL,NULL,NULL,NULL),
 (92,'05.914.539/0001-70','COOPERATIVA DE TRABALHO PROFISSIONAIS DA MUSICA DE SÃO PAULO','COOPERATIVA DE MUSICA','149.591.305.114','32594836','SÃO PAULO','SP','LUIS FELIPE DA GAMA PINTO','146.895.078-99','228619968','BRASILEIRO','AV. PROFESSOR AFONSO BOVERO','613','','PERDIZES','050190011','SÃO PAULO','SP','(11) 3853-7170','','','','12345','PRESIDENTE','CASADO','',NULL,NULL,NULL,NULL,NULL,NULL,NULL,NULL,NULL,NULL,NULL,NULL,NULL,NULL,NULL,NULL,NULL,NULL,NULL,NULL,NULL,NULL,NULL),
 (93,'13.512.619/0001-27','ISILDINHA DO PRADO','ISILDINHA DO PRADO','','302670','SÃO JOSÉ DOS CAMPOS','SP','ISILDINHA DO PRADO','268.296.038-38','3055406103','BRASILEIRA','RUA CADEIAS ','542','','JARDIM VALE DO SOL','12238010','SÃO JOSÉ DOS CAMPOS','SP','','988485867','ethikatecnologia@hotmail.com','','12345','PROPRIETARIA ','CASADO','PROFESSORA DE EDUÇÃO FISICA',NULL,NULL,NULL,NULL,NULL,NULL,NULL,NULL,NULL,NULL,NULL,NULL,NULL,NULL,NULL,NULL,NULL,NULL,NULL,NULL,NULL,NULL,NULL),
 (94,'17.969.880/0001-01','GABRIEL MAIA MARTINS DA COSTA','GABRIEL MAIA MARTINS DA C','','311323','SÃO JOSÉ DOS CAMPOS','SP','GABRIEL MAIA MARTINS DA COSTA','422.571.618-07','365836758','BRASILEIRA','RUA JURITI','531','','VILA TATETUBA','12220230','SÃO JOSÉ DOS CAMPOS','SP','(12) 3912-7779','(12)997141421','ethikatecnologia@hotmail.com','','12345','MÚSICO','SOLTEIRO','MÚSICO',NULL,NULL,NULL,NULL,NULL,NULL,NULL,NULL,NULL,NULL,NULL,NULL,NULL,NULL,NULL,NULL,NULL,NULL,NULL,NULL,NULL,NULL,NULL),
 (95,'17.622.236/0001-62','JOSIANE PEREIRA DOS REIS','JOSIANE PEREIRA DOS REIS','','186751','SÃO JOSÉ DOS CAMPOS','SP','JOSIANE PEREIRA DOS REIS','376.431.448-69','462534376','BRASILEIRA','RUA BRASILINO DE PAULA DE FERREIRA','341','','VILA PAIVA','12213470','SÃO JOSÉ DOS CAMPOS','SP','(12) 3913-2782','(12)988034323','ethikatecnologia@hotmail.com','','12345','REPRESETANTE LEGAL','SOLTEIRO','MONITORA CULTURAL',NULL,NULL,NULL,NULL,NULL,NULL,NULL,NULL,NULL,NULL,NULL,NULL,NULL,NULL,NULL,NULL,NULL,NULL,NULL,NULL,NULL,NULL,NULL),
 (96,'13.407.938/0001-72','KRYSCILAN BACCARIN FULGENCIO DE LIMA','KRYSCILAN BACCARIN FULGEN','','302639','SÃO JOSÉ DOS CAMPOS','SP','KRYSCILAN BACCARIN FULGENCIO DE LIMA','215.964.808-66','17029948-X','BRASILEIRA','RUA SANTA CLARA ','610','','VILA ADYANA','12243630','SÃO JOSÉ DOS CAMPOS','SP','','(12)98877-1712','ethikatecnologia@hotmail.com','','12345','MICROEMPREENDEDOR','SOLTEIRO','BAILARINO MONITOR DE OFICINAS ARTÍSTICAS',NULL,NULL,NULL,NULL,NULL,NULL,NULL,NULL,NULL,NULL,NULL,NULL,NULL,NULL,NULL,NULL,NULL,NULL,NULL,NULL,NULL,NULL,NULL),
 (97,'13.089.647/0001-83','KARINA APARECIDA DURANTE','KARINA APARECIDA DURANTE','','301994','SÃO JOSÉ DOS CAMPOS','SP','KARINA APARECIDA DURANTE','327.083.388-11','41684949-0','BRASILEIRA','RUA DOMINGOS FARZES DE ALMEIDA','124','','31 DE MARÇO','12237120','SÃO JOSÉ DOS CAMPOS','SP','(12) 3931-2765','(12)99137-7978','ethikatecnologia@hotmail.com','','12345','MONITORA','SOLTEIRO','EDUCADORA FISICA',NULL,NULL,NULL,NULL,NULL,NULL,NULL,NULL,NULL,NULL,NULL,NULL,NULL,NULL,NULL,NULL,NULL,NULL,NULL,NULL,NULL,NULL,NULL),
 (98,'12.036.111/0001-37','JOÃO MATHEUS BUSTAMANTE ','JOÃO MATHEUS BUSTAMANTE ','','310015','SÃO JOSÉ DOS CAMPOS','SP','JOÃO MATHEUS BUSTAMANTE ','219.195.728-56','33733680-5','BRASILEIRA','RUA KYOSHI ENOMOTO','78','JARDIM SAN MARINO','JARDIM SAN MARINO','12235831','SÃO JOSÉ DOS CAMPOS','SP','(12) 3307-7166','','ethikatecnologia@hotmail.com','','12345','DIRETOR','CASADO','MÚSICO',NULL,NULL,NULL,NULL,NULL,NULL,NULL,NULL,NULL,NULL,NULL,NULL,NULL,NULL,NULL,NULL,NULL,NULL,NULL,NULL,NULL,NULL,NULL),
 (99,'18.823.775/0001-22','SETTE PRODUÇÕES','SETTE PRODUÇÕES','','0156','CAÇAPAVA','SP','JÉSSICA LUANA NOGUEIRA NEVES','392.739.808-05','47862212-0','BRASILEIRA','RUA DOUTOR ALFREDO AMARAL ROCHA','45','','RESIDENCIAL MARIA EIMINE','12285150','CAÇAPAVA','SP','(12) 3644-4400','','ethikatecnologia@hotmail.com','','123456','ATRIZ','SOLTEIRO','ATRIZ',NULL,NULL,NULL,NULL,NULL,NULL,NULL,NULL,NULL,NULL,NULL,NULL,NULL,NULL,NULL,NULL,NULL,NULL,NULL,NULL,NULL,NULL,NULL),
 (100,'11.439.303/0001-21','JOSE CARLOS DA SILVA MARMOTA','JOSE CARLOS DA SILVA ','','176425','SÃO JOSÉ DOS CAMPOS','SP','JOSE CARLOS MARMOTA','027.957.418-57','10538796-4','BRASILEIRA','RUA DIAMANTINA','683','','JARDIM ISMÊNIA','12220663','SÃO JOSÉ DOS CAMPOS','SP','(12) 3902-5124','(12)99185-0686','ethikatecnologia@hotmail.com','','12345','PROPRIETARIO','CASADO','EDUCADOR SOCIAL',NULL,NULL,NULL,NULL,NULL,NULL,NULL,NULL,NULL,NULL,NULL,NULL,NULL,NULL,NULL,NULL,NULL,NULL,NULL,NULL,NULL,NULL,NULL),
 (101,'144.589.868-30','EMILIA','','','','','','','','14.567.654','BRASILEIRA','Rua Neuza','280','','Jardim Canhema','09.941-420','Diadema','SP','(12) 4876-3098','(12) 98756-9090','ethikatecnologia@hotmail.com','','12345','','SOLTEIRO','','6','1',NULL,'2015-09-12 00:00:00',NULL,NULL,NULL,NULL,NULL,NULL,NULL,NULL,NULL,NULL,NULL,NULL,NULL,NULL,NULL,NULL,NULL,NULL,NULL),
 (102,'123.123.123-22','MARIA APARECIDA SOUZA',' ',' ',' ',' ','SP','MARIA APARECIDA SOUZA','123.123.123-22','','BRASILEIRA','Rua Maceió','12','','Vila Guarani','12.209-675','São José dos Campos','SP','','','','','12345',' ',' Selecione ','','0',NULL,NULL,NULL,NULL,NULL,NULL,NULL,NULL,NULL,NULL,NULL,NULL,NULL,NULL,NULL,NULL,NULL,NULL,NULL,NULL,NULL,NULL),
 (103,'33.453.598/0001-23','RAIZEN COMBUSTIVEIS S.A.','RAIZEN','ISENTO','123.123','SÃO JOSÉ DOS CAMPOS','SP','CARLOS DIAS','144.589.765-55','1287654-X','BRASILEIRA','AVENIDA DAS AMÉRICAS','56','','BARRA DA TIJUCA','22.640-102','RIO DE JANEIRO','RJ','','','','','12345','','CASADO','GERENTE VENDAS','0',NULL,NULL,NULL,NULL,NULL,NULL,NULL,NULL,NULL,NULL,NULL,NULL,NULL,NULL,NULL,NULL,NULL,NULL,NULL,NULL,NULL,NULL),
 (109,'11.170.228/0001-46','XXXXXX','XXX','','12','SÃO JOSÉ DOS CAMPOS','SP','REPRESENTANTE','','','BRASILEIRA','TRAVESSA CONSTANTINO PINTOS','23','','VILA ROSSI','12.211-110','SÃO JOSÉ DOS CAMPOS','SP','','','ethikatecnologia@hotmail.com','','123456','',' Selecione ','','1','1',NULL,'2015-09-12 00:00:00',NULL,NULL,NULL,NULL,NULL,NULL,NULL,NULL,NULL,NULL,NULL,NULL,NULL,NULL,NULL,NULL,NULL,NULL,NULL),
 (110,'169.111.728-533','REGINA MOREIRA','','','','','','','','18.345.790','BRASILEIRA','AVENIDA DAS AMÉRICAS','56','','BARRA DA TIJUCA','22.640-102','SÃO JOSÉ DOS CAMPOS','SP','','','ethikatecnologia@hotmail.com','','100200','','CASADO','','6',NULL,NULL,NULL,NULL,NULL,NULL,NULL,NULL,NULL,NULL,NULL,NULL,NULL,NULL,NULL,NULL,NULL,NULL,NULL,NULL,NULL,NULL),
 (111,'273.235.988-266','QQ','','','','','','','','','BRASILEIRA','RUA MACEIÓ','34','','VILA GUARANI','12.209-675','SÃO JOSÉ DOS CAMPOS','SP','','','','','12345','','SOLTEIRO','','6',NULL,NULL,NULL,NULL,NULL,NULL,NULL,NULL,NULL,NULL,NULL,NULL,NULL,NULL,NULL,NULL,NULL,NULL,NULL,NULL,NULL,NULL),
 (112,'05.001.448/0001-43','NOBILE','NOBILE','','123','SÃO JOSÉ DOS CAMPOS','SP','','','','BRASILEIRA','RUA NEUZA','45','','JARDIM CANHEMA','09.941-420','DIADEMA','SP','','','sac@verfic.com.br','','123456','',' Selecione ','','1','1','2014-09-20 00:00:00','2014-09-21 00:00:00',NULL,NULL,NULL,NULL,NULL,NULL,NULL,NULL,NULL,NULL,NULL,NULL,NULL,NULL,NULL,NULL,NULL,NULL,NULL),
 (113,'68.248.210/0002-18','BIOLEVE','BBIOLEVE','','234','SÃO JOSÉ DOS CAMPOS','SP','','','','BRASILEIRA','ASFSF','12','','','13.950-000','LINDÓIA','SP','','','sac@verfic.com.br','','123456','',' Selecione ','','2','2','2014-09-20 00:00:00',NULL,NULL,NULL,NULL,NULL,NULL,NULL,NULL,NULL,NULL,NULL,NULL,NULL,NULL,NULL,NULL,NULL,NULL,NULL,NULL),
 (114,'268.296.038-38','268.296.038-38 XXX','','','','','','','','','BRASILEIRA','AVENIDA MANOEL MONTEIRO DE ARAÚJO','34','','PARQUE SÃO DOMINGOS','05.113-020','SÃO PAULO','SP','','','sac@verfic.com.br','','123456','',' Selecione ','','6','1','2014-09-20 00:00:00',NULL,NULL,NULL,NULL,NULL,NULL,NULL,NULL,NULL,NULL,NULL,NULL,NULL,NULL,NULL,NULL,NULL,NULL,NULL,NULL),
 (115,'07.401.228/0001-32','VARSOVIA','VARSOVIA','','123','SÃO JOSÉ DOS CAMPOS','SP','','','','BRASILEIRA','RUA MACEIÓ','234','','VILA GUARANI','12.209-675','SÃO JOSÉ DOS CAMPOS','SP','','','ethikatecnologia@hotmail.com','','123456','',' Selecione ','','1','1','2014-09-22 00:00:00','2014-09-22 00:00:00',NULL,NULL,NULL,NULL,NULL,NULL,NULL,NULL,NULL,NULL,NULL,NULL,NULL,NULL,NULL,NULL,NULL,NULL,NULL),
 (116,'040.502.358-899','MARIANO','','','','','','','','123241','BRASILEIRA','TRAVESSA CONSTANTINO PINTOS','12','','VILA ROSSI','12.211-110','SÃO JOSÉ DOS CAMPOS','SP','','','ethikatecnologia@hotmail.com','','123456','','CASADO','','6','1','2014-09-22 00:00:00',NULL,NULL,NULL,NULL,NULL,NULL,NULL,NULL,NULL,NULL,NULL,NULL,NULL,NULL,NULL,NULL,NULL,NULL,NULL,NULL),
 (117,'03.476.811/0001-51','DIA BRASIL SOCIEDADE LTDA.','DIA','','123.123','SÃO PAULO','SP','MAURO SOARES','144.589.868-30','18222930','BRASILEIRA','AVENIDA DOUTOR CARDOSO DE MELO','1855','2O. ANDAR','VILA OLÍMPIA','04.548-005','SÃO PAULO','SP','','','dia@dia.com.br','WWW.DIA.COM.BR','123456','GERENTE DE VENDAS','CASADO','GERENTE ','2','1','2015-04-04 00:00:00','2015-04-04 00:00:00',NULL,NULL,NULL,NULL,NULL,NULL,NULL,NULL,NULL,NULL,NULL,NULL,NULL,NULL,NULL,NULL,NULL,NULL,NULL),
 (118,'61.586.558/0025-62','TESTE XXXX','TESTE XXXX','','123','SÃO JOSÉ DOS CAMPOS','SP','','','','BRASILEIRA','AVENIDA MANOEL MONTEIRO DE ARAÚJO','234','','PARQUE SÃO DOMINGOS','05.113-020','SÃO PAULO','SP','','','aaa@aaa.com.br','','12345','',' Selecione ','','5','1','2015-06-26 00:00:00','2015-06-26 00:00:00',NULL,NULL,NULL,NULL,NULL,NULL,NULL,NULL,NULL,NULL,NULL,NULL,NULL,NULL,NULL,NULL,NULL,NULL,NULL),
 (120,'169.111.728-53','JOEL DIAS','','','','','','','','19.567.090','BRASILEIRA','RUA MACEIÓ','34','','VILA GUARANI','12.209-675','SÃO JOSÉ DOS CAMPOS','SP','','','joel@hotmail.com','','joel','','CASADO','','6','1','2015-09-12 00:00:00',NULL,NULL,NULL,NULL,NULL,NULL,NULL,NULL,NULL,NULL,NULL,NULL,NULL,NULL,NULL,NULL,NULL,NULL,NULL,NULL),
 (121,'60.409.075/0305-74','NESTLE','NESTLE','','123098','SÃO JOSÉ DOS CAMPOS','SP','','','','BRASILEIRA','RUA MACEIÓ','45','','VILA GUARANI','12.209-675','SÃO JOSÉ DOS CAMPOS','SP','','','nestle@hotmail.com','','nnn','',' Selecione ','','1','1','2015-09-12 00:00:00','2015-09-12 00:00:00',NULL,NULL,NULL,NULL,NULL,NULL,NULL,NULL,NULL,NULL,NULL,NULL,NULL,NULL,NULL,NULL,NULL,NULL,NULL),
 (165,'07.747.715/0003-13','HALOGENA LTDA','HALOGENA','','1','SÃO JOSÉ DOS CAMPOS','SP','','','','BRASILEIRA','RUA MACEIÓ','56','','VILA GUARANI','12.209-675','SÃO JOSÉ DOS CAMPOS','SP','(12) 9431-2321','','halo1@halo.com.br','','halo111','',' Selecione ','','4','','2018-10-06 00:00:00',NULL,NULL,NULL,NULL,'','','','Nao','','','(12) 9431-2321','','','','','','',' Selecione',NULL,NULL),
 (171,'60.665.981/0001-18','UNIAO QUIMICA','UNIAO','','23','SÃO JOSÉ DOS CAMPOS','SP','','','','BRASILEIRA','RUA CEL LUIS','45','','CENTRO','06.900-000','EMBU-GUAÇU','SP','(12) 9431-2321','','uniao@uniao.com.br','','uq1111','',' Selecione ','','7','0','2018-10-06 00:00:00','2018-10-16 00:00:00',NULL,NULL,NULL,'','','','Sim','','','(12) 9431-2321','','','','','','',' Selecione','Administrador',NULL),
 (177,'52.239.654/0001-76','LACRIFILM','LACRIFILM','','12','SÃO JOSÉ DOS CAMPOS','SP','','','','BRASILEIRA','AA','23','','AS','06.900-000','EMBU-GUAÇU','SP','(12) 9431-2321','','ethikatecnologia@hotmail.com.br','','la2222','',' Selecione ','','7','','2018-10-09 00:00:00',NULL,NULL,NULL,NULL,'','','','Sim','','','(12) 9431-2321','','','','','','',' Selecione','Prestador',NULL),
 (187,'56.994.502/0001-30','PRIVINA LTDA','PRIVINA','1','2','SÃO JOSÉ DOS CAMPOS','SP','','','','BRASILEIRA','RUA MACEIÓ','45','','VILA GUARANI','12.209-675','SÃO JOSÉ DOS CAMPOS','SP','(12) 9431-2321','(12) 45632-2323','privina@privina.com.br','','pri1111','',' Selecione ','','4','2','2018-10-09 00:00:00',NULL,NULL,NULL,NULL,'','123121212','REMEDIOS GENERICOS','Sim','','','(12) 9431-2321','','','','234','1212','3445454444','CORRENTE','Prestador ',NULL),
 (215,'71.900.237/0003-39','YURI MULTIUSO','YURI','1323','2323','SÃO JOSÉ DOS CAMPOS','SP','','144.589.868-30','','BRASILEIRA','RUA MACEIÓ','34','','VILA GUARANI','12.209-675','SÃO JOSÉ DOS CAMPOS','SP','(12) 9431-2321','','ethikatecnologia@hotmail.com.br','','yyy000','','SOLTEIRO','','4','1','2018-10-24 00:00:00','2018-10-25 00:00:00',1,'2018-10-24 00:00:00','motivo xxxxx','','','','Sim','','','(12) 9431-2321','','','','','','','CORRENTE',NULL,0),
 (233,'04.403.408/0009-12','PANASONIC','PANASONIC','','45','SÃO JOSÉ DOS CAMPOS','SP','','','','BRASILEIRA','RUA MACEIÓ','78','','VILA GUARANI','12.209-675','SÃO JOSÉ DOS CAMPOS','SP','(12) 9431-2321','','ethikatecnologia@hotmail.com','','pana1111','',' Selecione','','4','1','2018-10-26 00:00:00','2018-11-13 00:00:00',0,NULL,'','','','','Sim','','','(12) 9431-2321','','','','','','','CORRENTE',NULL,1);
/*!40000 ALTER TABLE `cad_prestador` ENABLE KEYS */;


--
-- Definition of table `cad_prestadorxdocumento`
--

DROP TABLE IF EXISTS `cad_prestadorxdocumento`;
CREATE TABLE `cad_prestadorxdocumento` (
  `PrexDoc_ID` int(10) unsigned NOT NULL auto_increment,
  `Pre_ID` int(10) unsigned NOT NULL,
  `Pre_CNPJ` varchar(20) default NULL,
  `Doc_ID` int(10) unsigned NOT NULL,
  `Doc_Descricao` varchar(100) default NULL,
  `PrexDoc_Emissao` datetime default NULL,
  `PrexDoc_Validade` datetime default NULL,
  `PrexDoc_Nome` varchar(150) default NULL,
  `PrexDoc_Observacao` varchar(150) default NULL,
  `PrexDoc_Situacao` varchar(20) default NULL,
  `PrexDoc_Data_Alteracao` datetime default NULL,
  PRIMARY KEY  (`PrexDoc_ID`)
) ENGINE=InnoDB AUTO_INCREMENT=1360 DEFAULT CHARSET=latin1;

--
-- Dumping data for table `cad_prestadorxdocumento`
--

/*!40000 ALTER TABLE `cad_prestadorxdocumento` DISABLE KEYS */;
INSERT INTO `cad_prestadorxdocumento` (`PrexDoc_ID`,`Pre_ID`,`Pre_CNPJ`,`Doc_ID`,`Doc_Descricao`,`PrexDoc_Emissao`,`PrexDoc_Validade`,`PrexDoc_Nome`,`PrexDoc_Observacao`,`PrexDoc_Situacao`,`PrexDoc_Data_Alteracao`) VALUES 
 (10,2,'75.404.814/0003-52',3,'Documento 3 doc 3','2014-07-01 00:00:00','2014-07-31 00:00:00','~\\upload\\75404814000352_Pôr-do-sol.jpg','','Vigente',NULL),
 (77,57,'17.573.062/0001-95',1,'Ato Constitutivo e suas alterações (atualizado)',NULL,NULL,'','','Pendente',NULL),
 (78,57,'17.573.062/0001-95',3,'Ata de Nomeação do Representante Legal',NULL,NULL,'','','Pendente',NULL),
 (79,57,'17.573.062/0001-95',4,'RG e CPF do Representante Legal da Empresa',NULL,NULL,'','','Pendente',NULL),
 (80,57,'17.573.062/0001-95',5,'Comprovação de Vínculo da Pessoa Jurídica e o Prestador de Serviço',NULL,NULL,'','','Pendente',NULL),
 (81,57,'17.573.062/0001-95',6,'Comprovante de Inscrição Municipal',NULL,NULL,'','','Pendente',NULL),
 (82,57,'17.573.062/0001-95',7,'Certidão Negativa de Débitos (CND) Municipal ISSQN - Taxa de Licença',NULL,NULL,'','','Pendente',NULL),
 (83,57,'17.573.062/0001-95',8,'Certidão Negativa de Débitos (CND) Débitos Mobiliários',NULL,NULL,'','','Pendente',NULL),
 (84,57,'17.573.062/0001-95',9,'Certidão Negativa de Débitos (CND) - Fazenda Federal e Divida Ativa da União',NULL,NULL,'','','Pendente',NULL),
 (85,57,'17.573.062/0001-95',10,'Certidão Negativa de Débitos (CND) FGTS',NULL,NULL,'','','Pendente',NULL),
 (86,57,'17.573.062/0001-95',11,'Certidão Negativa de Débitos (CND) INSS',NULL,NULL,'','','Pendente',NULL),
 (87,57,'17.573.062/0001-95',13,'RG e CPF do Prestador do Serviço',NULL,NULL,'','','Pendente',NULL),
 (88,57,'17.573.062/0001-95',2,'Cartao CNPJ','2013-02-14 00:00:00',NULL,'~\\upload\\17573062000195_Cadastro Nacional de Pessoa Jurídica.pdf','','Vigente',NULL),
 (89,57,'17.573.062/0001-95',14,'Certificado da Condição de Microempreendedor Individual ','2013-02-14 00:00:00',NULL,'~\\upload\\17573062000195_Condição de Microempreendedor.pdf','','Vigente',NULL),
 (90,57,'17.573.062/0001-95',12,'Declaração de Inexistência de Fato Impeditivo','2013-02-14 00:00:00',NULL,'~\\upload\\17573062000195_Carteira de trabalho.pdf','','Vigente',NULL),
 (92,102,'123.123.123-22',4,'RG e CPF do Representante Legal da Empresa','2000-02-19 00:00:00',NULL,'~\\upload\\12312312322_Pôr-do-sol.jpg','','Vigente',NULL),
 (93,103,'33.453.598/0001-23',4,'RG e CPF do Representante Legal da Empresa',NULL,NULL,'','','Pendente',NULL),
 (94,103,'33.453.598/0001-23',5,'Comprovação de Vínculo da Pessoa Jurídica e o Prestador de Serviço',NULL,NULL,'','','Pendente',NULL),
 (95,103,'33.453.598/0001-23',6,'Comprovante de Inscrição Municipal',NULL,NULL,'','','Pendente',NULL),
 (96,103,'33.453.598/0001-23',7,'Certidão Negativa de Débitos (CND) Municipal ISSQN - Taxa de Licença',NULL,NULL,'','','Pendente',NULL),
 (97,103,'33.453.598/0001-23',8,'Certidão Negativa de Débitos (CND) Débitos Mobiliários',NULL,NULL,'','','Pendente',NULL),
 (98,103,'33.453.598/0001-23',9,'Certidão Negativa de Débitos (CND) - Fazenda Federal e Divida Ativa da União',NULL,NULL,'','','Pendente',NULL),
 (99,103,'33.453.598/0001-23',10,'Certidão Negativa de Débitos (CND) FGTS',NULL,NULL,'','','Pendente',NULL),
 (100,103,'33.453.598/0001-23',14,'Certificado da Condição de Microempreendedor Individual ',NULL,NULL,'','','Pendente',NULL),
 (101,103,'33.453.598/0001-23',2,'Cartao CNPJ','2004-03-01 00:00:00',NULL,'~\\upload\\33453598000123_Montanhas azuis.jpg','','Vigente',NULL),
 (328,111,'273.235.988-26',4,'RG e CPF do Representante Legal da Empresa',NULL,NULL,'','','Pendente',NULL),
 (360,113,'68.248.210/0002-18',2,'Cartao CNPJ',NULL,NULL,'','','Pendente',NULL),
 (361,114,'268.296.038-38',4,'RG e CPF do Representante Legal da Empresa',NULL,NULL,'','','Pendente',NULL),
 (371,112,'05.001.448/0001-43',4,'RG e CPF do Representante Legal da Empresa',NULL,NULL,'','','Pendente',NULL),
 (372,112,'05.001.448/0001-43',5,'Comprovação de Vínculo da Pessoa Jurídica e o Prestador de Serviço',NULL,NULL,'','','Pendente',NULL),
 (373,112,'05.001.448/0001-43',6,'Comprovante de Inscrição Municipal',NULL,NULL,'','','Pendente',NULL),
 (374,112,'05.001.448/0001-43',7,'Certidão Negativa de Débitos (CND) Municipal ISSQN - Taxa de Licença',NULL,NULL,'','','Pendente',NULL),
 (375,112,'05.001.448/0001-43',8,'Certidão Negativa de Débitos (CND) Débitos Mobiliários',NULL,NULL,'','','Pendente',NULL),
 (376,112,'05.001.448/0001-43',9,'Certidão Negativa de Débitos (CND) - Fazenda Federal e Divida Ativa da União',NULL,NULL,'','','Pendente',NULL),
 (377,112,'05.001.448/0001-43',10,'Certidão Negativa de Débitos (CND) FGTS',NULL,NULL,'','','Pendente',NULL),
 (378,112,'05.001.448/0001-43',14,'Certificado da Condição de Microempreendedor Individual ',NULL,NULL,'','','Pendente',NULL),
 (379,112,'05.001.448/0001-43',2,'Cartao CNPJ','2014-05-01 00:00:00',NULL,'~\\upload\\05001448000143_Inverno.jpg','','Vigente','2014-09-21 00:00:00'),
 (389,116,'040.502.358-89',4,'RG e CPF do Representante Legal da Empresa','2012-03-10 00:00:00',NULL,'~\\upload\\04050235889_Pôr-do-sol.jpg','','Vigente','2014-09-22 00:00:00'),
 (390,115,'07.401.228/0001-32',4,'RG e CPF do Representante Legal da Empresa',NULL,NULL,'','','Pendente',NULL),
 (391,115,'07.401.228/0001-32',5,'Comprovação de Vínculo da Pessoa Jurídica e o Prestador de Serviço',NULL,NULL,'','','Pendente',NULL),
 (392,115,'07.401.228/0001-32',6,'Comprovante de Inscrição Municipal',NULL,NULL,'','','Pendente',NULL),
 (393,115,'07.401.228/0001-32',7,'Certidão Negativa de Débitos (CND) Municipal ISSQN - Taxa de Licença',NULL,NULL,'','','Pendente',NULL),
 (394,115,'07.401.228/0001-32',8,'Certidão Negativa de Débitos (CND) Débitos Mobiliários',NULL,NULL,'','','Pendente',NULL),
 (395,115,'07.401.228/0001-32',9,'Certidão Negativa de Débitos (CND) - Fazenda Federal e Divida Ativa da União',NULL,NULL,'','','Pendente',NULL),
 (396,115,'07.401.228/0001-32',10,'Certidão Negativa de Débitos (CND) FGTS',NULL,NULL,'','','Pendente',NULL),
 (397,115,'07.401.228/0001-32',14,'Certificado da Condição de Microempreendedor Individual ',NULL,NULL,'','','Pendente',NULL),
 (398,115,'07.401.228/0001-32',2,'Cartao CNPJ','2014-07-01 00:00:00',NULL,'~\\upload\\07401228000132_Ninféias.jpg','','Vigente','2014-09-22 00:00:00'),
 (400,117,'03.476.811/0001-51',2,'Cartao CNPJ','2015-01-10 00:00:00',NULL,'~\\upload\\03476811000151_laudo.pdf','','Vigente','2015-04-04 00:00:00'),
 (453,54,'11.465.145/0001-84',4,'RG e CPF do Representante Legal da Empresa',NULL,NULL,'','','Pendente',NULL),
 (454,54,'11.465.145/0001-84',1000,'Doc teste inclusao na alteracao',NULL,NULL,'','','Pendente',NULL),
 (479,23,'07.514.550/0001-78',4,'RG e CPF do Representante Legal da Empresa',NULL,NULL,'','','Pendente',NULL),
 (480,23,'07.514.550/0001-78',1000,'Doc teste inclusao na alteracao',NULL,NULL,'','','Pendente',NULL),
 (481,23,'07.514.550/0001-78',19,'Portifólio e Currículo','2014-01-01 00:00:00',NULL,'~\\upload\\07514550000178_Laudo.pdf','','Opcional','2015-06-25 00:00:00'),
 (482,23,'07.514.550/0001-78',19,'Portifólio e Currículo','2013-02-01 00:00:00',NULL,'~\\upload\\07514550000178_Laudo.pdf','XXXXXXXXXXXXXXXXXXXXXXXXXXX','Opcional','2015-06-25 00:00:00'),
 (483,23,'07.514.550/0001-78',19,'Portifólio e Currículo','2004-03-01 00:00:00',NULL,'~\\upload\\07514550000178_Laudo.pdf','','Opcional','2015-06-25 00:00:00'),
 (484,23,'07.514.550/0001-78',2,'Cartao CNPJ','2013-04-15 00:00:00',NULL,'~\\upload\\07514550000178_Laudo.pdf','','Vigente','2015-06-25 00:00:00'),
 (485,23,'07.514.550/0001-78',19,'Portifólio e Currículo','2013-06-01 00:00:00',NULL,'~\\upload\\07514550000178_Laudo.pdf','','Opcional','2015-06-25 00:00:00'),
 (497,118,'61.586.558/0025-62',4,'RG e CPF do Representante Legal da Empresa',NULL,NULL,'','','Pendente',NULL),
 (498,118,'61.586.558/0025-62',1000,'Doc teste inclusao na alteracao',NULL,NULL,'','','Pendente',NULL),
 (499,118,'61.586.558/0025-62',2,'Cartao CNPJ','2012-06-10 00:00:00',NULL,'~\\upload\\61586558002562_Laudo.pdf','','Vigente','2015-06-26 00:00:00'),
 (500,118,'61.586.558/0025-62',19,'Portifólio e Currículo','2014-01-01 00:00:00',NULL,'~\\upload\\61586558002562_Laudo.pdf','','Opcional','2015-06-26 00:00:00'),
 (501,118,'61.586.558/0025-62',19,'Portifólio e Currículo','2013-02-01 00:00:00',NULL,'~\\upload\\61586558002562_Laudo.pdf','222','Opcional','2015-06-26 00:00:00'),
 (502,118,'61.586.558/0025-62',19,'Portifólio e Currículo','2013-06-01 00:00:00',NULL,'~\\upload\\61586558002562_Laudo.pdf','3333','Opcional','2015-06-26 00:00:00'),
 (503,118,'61.586.558/0025-62',1003,'Novo docto EIRELI e MEI','2004-03-01 00:00:00','2004-03-31 00:00:00','~\\upload\\61586558002562_Laudo.pdf','','Pendente','2015-06-26 00:00:00'),
 (504,118,'61.586.558/0025-62',19,'Portifólio e Currículo','2010-05-01 00:00:00',NULL,'~\\upload\\61586558002562_Laudo.pdf','444','Opcional','2015-06-26 00:00:00'),
 (586,109,'11.170.228/0001-46',1003,'Novo docto EIRELI e MEI',NULL,NULL,'','','Pendente',NULL),
 (587,109,'11.170.228/0001-46',1004,'Validade MEI cooperativa',NULL,NULL,'','','Pendente',NULL),
 (588,109,'11.170.228/0001-46',1001,'TESTE INCLUSAO',NULL,NULL,'','','Pendente',NULL),
 (589,109,'11.170.228/0001-46',1002,'Doc Novo Novo Novo',NULL,NULL,'','','Pendente',NULL),
 (590,109,'11.170.228/0001-46',1000,'Doc teste inclusao na alteracao',NULL,NULL,'','','Pendente',NULL),
 (591,109,'11.170.228/0001-46',3,'Documento 3 doc 3','2014-03-01 00:00:00','2014-03-31 00:00:00','~\\upload\\11170228000146_Montanhas azuis.jpg','','Pendente',NULL),
 (592,109,'11.170.228/0001-46',4,'Documento novo novo',NULL,NULL,'eeeeee','','Pendente',NULL),
 (593,109,'11.170.228/0001-46',4,'RG e CPF do Representante Legal da Empresa',NULL,NULL,'','','Pendente',NULL),
 (594,109,'11.170.228/0001-46',6,'Comprovante de Inscrição Municipal',NULL,NULL,'xxxxxxxxxx','','Pendente',NULL),
 (595,109,'11.170.228/0001-46',7,'Certidão Negativa de Débitos (CND) Municipal ISSQN - Taxa de Licença',NULL,NULL,'','','Pendente',NULL),
 (596,109,'11.170.228/0001-46',8,'Certidão Negativa de Débitos (CND) Débitos Mobiliários',NULL,NULL,'','','Pendente',NULL),
 (597,109,'11.170.228/0001-46',14,'Certificado da Condição de Microempreendedor Individual ',NULL,NULL,'','','Pendente',NULL),
 (598,109,'11.170.228/0001-46',10,'Certidão Negativa de Débitos (CND) FGTS','2014-07-01 00:00:00','2015-09-15 00:00:00','~\\upload\\11170228000146_Pôr-do-sol.jpg','','Vigente',NULL),
 (599,109,'11.170.228/0001-46',2,'Cartao CNPJ','2012-04-12 00:00:00',NULL,'~\\upload\\11170228000146_Laudo.pdf','','Vigente','2015-06-24 00:00:00'),
 (600,109,'11.170.228/0001-46',9,'Certidão Negativa de Débitos (CND) - Fazenda Federal e Divida Ativa da União','2015-09-11 00:00:00','2015-09-30 00:00:00','~\\upload\\11170228000146_Ninféias.jpg','','Vigente','2015-09-11 00:00:00'),
 (601,109,'11.170.228/0001-46',12,'Declaração de Inexistência de Fato Impeditivo','2015-01-10 00:00:00',NULL,'wwww','','Vigente','2015-09-12 00:00:00'),
 (602,109,'11.170.228/0001-46',5,'Comprovação de Vínculo da Pessoa Jurídica e o Prestador de Serviço','2014-04-20 00:00:00','2015-08-29 00:00:00','~\\upload\\11170228000146_Laudo.pdf','','Pendente','2015-09-12 00:00:00'),
 (603,109,'11.170.228/0001-46',19,'Portifólio e Currículo','2015-01-10 00:00:00',NULL,'','','Opcional','2015-09-12 00:00:00'),
 (611,101,'144.589.868-30',12,'Declaração de Inexistência de Fato Impeditivo','2013-04-15 00:00:00',NULL,'~\\upload\\14458986830_Laudo.pdf','','Vigente','2015-06-30 00:00:00'),
 (612,101,'144.589.868-30',1005,'Validade PFisica','2015-06-01 00:00:00','2015-10-01 00:00:00','~\\upload\\14458986830_Laudo.pdf','','Vigente','2015-06-30 00:00:00'),
 (613,101,'144.589.868-30',17,'Diploma  Certificado e/ou Certificado de Cursos Livres na área','2014-01-01 00:00:00',NULL,'~\\upload\\14458986830_Laudo.pdf','AAAA','Opcional','2015-06-30 00:00:00'),
 (614,101,'144.589.868-30',17,'Diploma  Certificado e/ou Certificado de Cursos Livres na área','2013-02-10 00:00:00',NULL,'~\\upload\\14458986830_Laudo.pdf','BBBBB','Opcional','2015-06-30 00:00:00'),
 (615,101,'144.589.868-30',17,'Diploma  Certificado e/ou Certificado de Cursos Livres na área','2013-04-15 00:00:00',NULL,'~\\upload\\14458986830_Laudo.pdf','CCCCC','Opcional','2015-06-30 00:00:00'),
 (616,101,'144.589.868-30',4,'RG e CPF do Representante Legal da Empresa','2010-06-05 00:00:00',NULL,'~\\upload\\14458986830_Laudo.pdf','RG E CPF','Vigente','2015-06-30 00:00:00'),
 (617,101,'144.589.868-30',1000,'Doc teste inclusao na alteracao','2013-10-04 00:00:00',NULL,'~\\upload\\14458986830_Laudo.pdf','','Pendente','2015-09-12 00:00:00'),
 (618,120,'169.111.728-53',4,'RG e CPF do Representante Legal da Empresa',NULL,NULL,'','','Pendente',NULL),
 (619,120,'169.111.728-53',1000,'Doc teste inclusao na alteracao',NULL,NULL,'','','Pendente',NULL),
 (620,120,'169.111.728-53',12,'Declaração de Inexistência de Fato Impeditivo','2012-03-10 00:00:00',NULL,'~\\upload\\16911172853_Laudo.pdf','','Vigente','2015-09-12 00:00:00'),
 (621,120,'169.111.728-53',1005,'Validade PFisica','2012-06-10 00:00:00','2013-06-10 00:00:00','~\\upload\\16911172853_Laudo.pdf','','Pendente','2015-09-12 00:00:00'),
 (638,121,'60.409.075/0305-74',2,'Cartao CNPJ',NULL,NULL,'','','Pendente',NULL),
 (639,121,'60.409.075/0305-74',4,'RG e CPF do Representante Legal da Empresa',NULL,NULL,'','','Pendente',NULL),
 (640,121,'60.409.075/0305-74',5,'Comprovação de Vínculo da Pessoa Jurídica e o Prestador de Serviço',NULL,NULL,'','','Pendente',NULL),
 (641,121,'60.409.075/0305-74',6,'Comprovante de Inscrição Municipal',NULL,NULL,'','','Pendente',NULL),
 (642,121,'60.409.075/0305-74',7,'Certidão Negativa de Débitos (CND) Municipal ISSQN - Taxa de Licença',NULL,NULL,'','','Pendente',NULL),
 (643,121,'60.409.075/0305-74',8,'Certidão Negativa de Débitos (CND) Débitos Mobiliários',NULL,NULL,'','','Pendente',NULL),
 (644,121,'60.409.075/0305-74',9,'Certidão Negativa de Débitos (CND) - Fazenda Federal e Divida Ativa da União',NULL,NULL,'','','Pendente',NULL),
 (645,121,'60.409.075/0305-74',10,'Certidão Negativa de Débitos (CND) FGTS',NULL,NULL,'','','Pendente',NULL),
 (646,121,'60.409.075/0305-74',14,'Certificado da Condição de Microempreendedor Individual ',NULL,NULL,'','','Pendente',NULL),
 (647,121,'60.409.075/0305-74',1000,'Doc teste inclusao na alteracao',NULL,NULL,'','','Pendente',NULL),
 (648,121,'60.409.075/0305-74',1001,'TESTE INCLUSAO',NULL,NULL,'','','Pendente',NULL),
 (649,121,'60.409.075/0305-74',1002,'Doc Novo Novo Novo',NULL,NULL,'','','Pendente',NULL),
 (650,121,'60.409.075/0305-74',1004,'Validade MEI cooperativa',NULL,NULL,'','','Pendente',NULL),
 (651,121,'60.409.075/0305-74',12,'Declaração de Inexistência de Fato Impeditivo','2012-03-10 00:00:00',NULL,'~\\upload\\60409075030574_Laudo.pdf','','Vigente','2015-09-12 00:00:00'),
 (652,121,'60.409.075/0305-74',19,'Portifólio e Currículo','2010-06-05 00:00:00',NULL,'','','Opcional','2015-09-12 00:00:00'),
 (653,121,'60.409.075/0305-74',1003,'Novo docto EIRELI e MEI','2013-10-04 00:00:00','2015-10-04 00:00:00','~\\upload\\60409075030574_Laudo.pdf','','Vigente','2015-09-12 00:00:00'),
 (1055,165,'07.747.715/0003-13',2,'Cartao CNPJ',NULL,NULL,'','','Pendente',NULL),
 (1056,165,'07.747.715/0003-13',1001,'TESTE INCLUSAO',NULL,NULL,'','','Pendente',NULL),
 (1134,177,'52.239.654/0001-76',1,'Ato Constitutivo e suas alterações (atualizado)',NULL,NULL,'','','Pendente',NULL),
 (1135,177,'52.239.654/0001-76',2,'Cartao CNPJ',NULL,NULL,'','','Pendente',NULL),
 (1136,177,'52.239.654/0001-76',5,'Comprovação de Vínculo da Pessoa Jurídica e o Prestador de Serviço',NULL,NULL,'','','Pendente',NULL),
 (1137,177,'52.239.654/0001-76',7,'Certidão Negativa de Débitos (CND) Municipal ISSQN - Taxa de Licença',NULL,NULL,'','','Pendente',NULL),
 (1138,177,'52.239.654/0001-76',10,'Certidão Negativa de Débitos (CND) FGTS',NULL,NULL,'','','Pendente',NULL),
 (1139,177,'52.239.654/0001-76',12,'Declaração de Inexistência de Fato Impeditivo',NULL,NULL,'','','Pendente',NULL),
 (1140,177,'52.239.654/0001-76',1001,'TESTE INCLUSAO',NULL,NULL,'','','Pendente',NULL),
 (1150,187,'56.994.502/0001-30',2,'Cartao CNPJ',NULL,NULL,'','','Pendente',NULL),
 (1151,171,'60.665.981/0001-18',1,'Ato Constitutivo e suas alterações (atualizado)',NULL,NULL,'','','Pendente',NULL),
 (1152,171,'60.665.981/0001-18',2,'Cartao CNPJ',NULL,NULL,'','','Pendente',NULL),
 (1153,171,'60.665.981/0001-18',5,'Comprovação de Vínculo da Pessoa Jurídica e o Prestador de Serviço',NULL,NULL,'','','Pendente',NULL),
 (1154,171,'60.665.981/0001-18',7,'Certidão Negativa de Débitos (CND) Municipal ISSQN - Taxa de Licença',NULL,NULL,'','','Pendente',NULL),
 (1155,171,'60.665.981/0001-18',10,'Certidão Negativa de Débitos (CND) FGTS',NULL,NULL,'','','Pendente',NULL),
 (1156,171,'60.665.981/0001-18',12,'Declaração de Inexistência de Fato Impeditivo',NULL,NULL,'','','Pendente',NULL),
 (1335,215,'71.900.237/0003-39',1,'Ato Constitutivo e suas alterações (atualizado)',NULL,NULL,'','','Pendente',NULL),
 (1336,215,'71.900.237/0003-39',3,'Ata de Nomeação do Representante Legal',NULL,NULL,'','','Pendente',NULL),
 (1337,215,'71.900.237/0003-39',4,'RG e CPF do Representante Legal da Empresa',NULL,NULL,'','','Pendente',NULL),
 (1338,215,'71.900.237/0003-39',5,'Comprovação de Vínculo da Pessoa Jurídica e o Prestador de Serviço',NULL,NULL,'','','Pendente',NULL),
 (1339,215,'71.900.237/0003-39',6,'Comprovante de Inscrição Municipal',NULL,NULL,'','','Pendente',NULL),
 (1340,215,'71.900.237/0003-39',7,'Certidão Negativa de Débitos (CND) Municipal ISSQN - Taxa de Licença',NULL,NULL,'','','Pendente',NULL),
 (1341,215,'71.900.237/0003-39',8,'Certidão Negativa de Débitos (CND) Débitos Mobiliários',NULL,NULL,'','','Pendente',NULL),
 (1342,215,'71.900.237/0003-39',9,'Certidão Negativa de Débitos (CND) - Fazenda Federal e Divida Ativa da União',NULL,NULL,'','','Pendente',NULL),
 (1343,215,'71.900.237/0003-39',10,'Certidão Negativa de Débitos (CND) FGTS',NULL,NULL,'','','Pendente',NULL),
 (1344,215,'71.900.237/0003-39',11,'Certidão Negativa de Débitos (CND) INSS',NULL,NULL,'','','Pendente',NULL),
 (1345,215,'71.900.237/0003-39',12,'Declaração de Inexistência de Fato Impeditivo',NULL,NULL,'','','Pendente',NULL),
 (1346,215,'71.900.237/0003-39',1002,'Doc Novo Novo Novo',NULL,NULL,'','','Pendente',NULL),
 (1347,215,'71.900.237/0003-39',1003,'Novo docto EIRELI e MEI',NULL,NULL,'','','Pendente',NULL),
 (1348,215,'71.900.237/0003-39',1004,'Validade MEI cooperativa',NULL,NULL,'','','Pendente',NULL),
 (1349,215,'71.900.237/0003-39',1005,'Validade PFisica',NULL,NULL,'','','Pendente',NULL),
 (1350,215,'71.900.237/0003-39',2,'Cartao CNPJ',NULL,NULL,'','','Pendente',NULL),
 (1359,233,'04.403.408/0009-12',2,'Cartao CNPJ','2018-10-10 00:00:00',NULL,'~\\upload\\04403408000912_laudo.pdf','','Vigente','2018-10-26 00:00:00');
/*!40000 ALTER TABLE `cad_prestadorxdocumento` ENABLE KEYS */;


--
-- Definition of table `cad_prestadorxprestador`
--

DROP TABLE IF EXISTS `cad_prestadorxprestador`;
CREATE TABLE `cad_prestadorxprestador` (
  `PrexPre_ID` int(10) unsigned NOT NULL auto_increment,
  `Pre_ID` int(10) unsigned NOT NULL,
  `Pre_CNPJ` varchar(20) default NULL,
  `PrexPre_Nome` varchar(70) default NULL,
  `PrexPre_RG` varchar(20) default NULL,
  `PrexPre_CPF` varchar(20) default NULL,
  `PrexPre_Nacionalidade` varchar(30) default NULL,
  `PrexPre_Estado_Civil` varchar(15) default NULL,
  `PrexPre_Profissao` varchar(50) default NULL,
  `PrexPre_Endereco` varchar(100) default NULL,
  `PrexPre_Numero` varchar(10) default NULL,
  `PrexPre_Complemento` varchar(50) default NULL,
  `PrexPre_Bairro` varchar(50) default NULL,
  `PrexPre_CEP` varchar(10) default NULL,
  `PrexPre_Municipio` varchar(50) default NULL,
  `PrexPre_UF` varchar(2) default NULL,
  `PrexPre_Telefone` varchar(25) default NULL,
  `PrexPre_Celular` varchar(25) default NULL,
  `PrexPre_Email` varchar(50) default NULL,
  `PrexPre_Servicos` varchar(100) default NULL,
  `PrexPre_Doc_1` varchar(150) default NULL,
  `PrexPre_Doc_2` varchar(150) default NULL,
  `PrexPre_Doc_3` varchar(150) default NULL,
  `PrexPre_Doc_4` varchar(150) default NULL,
  PRIMARY KEY  (`PrexPre_ID`)
) ENGINE=InnoDB AUTO_INCREMENT=80 DEFAULT CHARSET=latin1;

--
-- Dumping data for table `cad_prestadorxprestador`
--

/*!40000 ALTER TABLE `cad_prestadorxprestador` DISABLE KEYS */;
INSERT INTO `cad_prestadorxprestador` (`PrexPre_ID`,`Pre_ID`,`Pre_CNPJ`,`PrexPre_Nome`,`PrexPre_RG`,`PrexPre_CPF`,`PrexPre_Nacionalidade`,`PrexPre_Estado_Civil`,`PrexPre_Profissao`,`PrexPre_Endereco`,`PrexPre_Numero`,`PrexPre_Complemento`,`PrexPre_Bairro`,`PrexPre_CEP`,`PrexPre_Municipio`,`PrexPre_UF`,`PrexPre_Telefone`,`PrexPre_Celular`,`PrexPre_Email`,`PrexPre_Servicos`,`PrexPre_Doc_1`,`PrexPre_Doc_2`,`PrexPre_Doc_3`,`PrexPre_Doc_4`) VALUES 
 (1,15,'17.780.908/0001-68','Maria Eugênia Vitali Manfredini','37.275.653','368.447.198-41','Brasileira',' Selecione','','Avenida Shishima Hifumi','3310','Apto 33','Urbanova','12209675','São José dos Campos','SP','(12) 3522-7491','12 98199-2942','mamanfredini@hotmail.com','',NULL,NULL,NULL,NULL),
 (2,62,'11.617.341/0001-27','BARTOLOMEU VAZ MENDES','307871587','224.466.958-09','BRASILEIRA',' Selecione','MUSICO','RUA ISMAEL NERY','197','','VILA BRANCA','','JACAREÍ','SP','','1291552139','barthvm@gmail.com','AULAS DE MÚSICA:VILINO VIOL CELLO ETC...',NULL,NULL,NULL,NULL),
 (3,62,'11.617.341/0001-27','PRISCILA BASTOS DE SOUZA','296073635','19230536806','BRASILEIRO ','CASADO','MUSICISTA','RUA ISMAEL NERY','197','','VILA BRANCA','','JACAREÍ','SP','','1291552139','ITO.PRICILA@YAHOO.COM.BR','AULAS DE MÚSICA:VIOLINO VIOL CELLO ETC...',NULL,NULL,NULL,NULL),
 (4,62,'11.617.341/0001-27','REGINA APARECIDA VAZ MENDES','','','BRASILEIRO ','CASADO','ARTISTA PLÁSTICO','RUA JOSÉ ANTONIO CURY','68','','','','','SP','','1291552139','barth@gmail.com','AULAS DE ARTES VISUAIS E ARTES PLÁSTICAS EM GERAL',NULL,NULL,NULL,NULL),
 (5,62,'11.617.341/0001-27','ORQUESTRA E CORAL LA MUSIQUE','','','BRASILEIRO ',' Selecione','MUSICA','RUA JOSÉ ANTONIO CURY','68','','SANTANA','','SÃO JOSÉ DOS CAMPOS','SP','','1291552139','brthvm@gmail.com','CONCERTOS SINFÔNICOS COM TEMAS POPULARES E REGIONAIS BRASILEIRA',NULL,NULL,NULL,NULL),
 (6,30,'51.561.819/0001-69','ROBSON  ALESSANDRO DA SILVA','376753924','07355751697','BRASILEIRO ','SOLTEIRO','ATOR','AV CELSO GARCIA','5819','APTO13','TATUAPE ','03063-000','SAO PAULO','SP','1120912981','987302793','robsonalessandro@live.com','MONITOR DE TEATRO ',NULL,NULL,NULL,NULL),
 (7,30,'51.561.819/0001-69','RICARDO VERISSIMO SALEM','21740766-3','21770258850','BRASILEIRO ','SOLTEIRO','ATOR','RUA MAMUDE CARNEIRO','176','','CAMPO DE ALEMÃO ','12239060','SAO JOSE DOS CAMPOS','SP','','88313117','ricardosalem@bol.com.br','MONITOR DE TEATRO ',NULL,NULL,NULL,NULL),
 (9,73,'03.159.024/0001-86','LAUDENI DE SOUSA ','397909539','67864481787','BRASILEIRA','CASADO','MESTRE JONGUEIRO','RUA CAPITÃO ROBERTO PEREIRA MALDOS ','184','','JARDIM BELA VISTA','','SÃO JOSÉ DOS CAMPOS','SP','','88884665','laudenidojongo@yahoo.com.br','',NULL,NULL,NULL,NULL),
 (10,73,'03.159.024/0001-86','LOURENÇO JUVENTINO DA SILVA ','9148800','46909036891','BRASILEIRO ','CASADO','MESTRE CONGADA','RUA AMACIO MAZZAROPPI','110','','BOSQUE DOS EUCALIPTOS','','SAO JOSE DOS CAMPOS','SP','','91263029','lourencojuventino@gmail.com','',NULL,NULL,NULL,NULL),
 (11,73,'03.159.024/0001-86','ISABELLE ROSELAINE CAMILA DA SILVA','446626703','36882537879','BRASILEIRA','SOLTEIRO','PROFESSORA DE DANÇA','PRAÇA FLORIPES BICUDO MARTINS','71','','BOSQUE DOS EUCALIPTOS','12232340','SÃO JOSÉ DOS CAMPOS','SP','','97526336','belcamile@hotmail.com','DANÇA POPULARES',NULL,NULL,NULL,NULL),
 (12,73,'03.159.024/0001-86','ARISNIDES DO C PEREIRA JR','238051535','25108974','BRASILEIRO ','SOLTEIRO','MUSICO ','TRAVESSA PICA PAU ','870','','BAIRRO DOS FREITAS ','','SAO JOSE DOS CAMPOS','SP','','997526336','aricultural@gmail.com','OFICINA DE MUSICALIZAÇÃO ',NULL,NULL,NULL,NULL),
 (13,77,'12.613.731/0001-91','CARLOS ALBERTO FERREIRA ROSA','197205604','11211095860','BRASILEIRO ','CASADO','ARTE EDUCADOR ','RUA JOSE DIAS AGUIAR','113','SANTANA','SANTANA','12212080','SÃO JOSÉ DOS CAMPOS','SP','1233077948','997300708','carlosrosa2006@gmail.com','MONITOR DE TEATRO',NULL,NULL,NULL,NULL),
 (14,28,'07.543.913/0001-01','ALEXANDRE FRANCELINO BARRANCO ','','','','SOLTEIRO','','','','','','','','','','','','',NULL,NULL,NULL,NULL),
 (15,28,'07.543.913/0001-01','LAIS FERNANDES BRANCO','323590366','223.847.448-01','BRASILEIRA','CASADO','EMPRESARIA','AV TENENTE NEVIO BARACHO','330','APRTO 303','BELA VISTA','12209902','SÃO JOSÉ DOS CAMPOS','SP','','78193350','upeventos@upeventos.com ','PROPRIETARIA ',NULL,NULL,NULL,NULL),
 (16,28,'07.543.913/0001-01','DULCINEIA DA SILVA','16646145','323.656.406.72','BRASILEIRO ','CASADO','ARTESÃ','RUA ANGELO ARROIO','104','','DOM PEDRO I','','SAO JOSE DOS CAMPOS','SP','1239032629','1282501693','upeventos @upeventos .com','',NULL,NULL,NULL,NULL),
 (17,28,'07.543.913/0001-01','GABRIEL PRADO MARTINEZ ','40791870','402.942.258-62','BRASILEIRO ','SOLTEIRO','BAILARINO','RUA JOSÉ LEITE DA SILVA','150','','BELA VIST','','SAO JOSE DOS CAMPOS','SP','','129720.9381','upeventos @upeventos .com','MONITOR DE DANÇA',NULL,NULL,NULL,NULL),
 (18,28,'07.543.913/0001-01','ANA GABRIELA DELLIAS PEREIRA ','170299565','09859502854','BRASILEIRA ','CASADO','BALARINA','AV. SÃO JOSE ','626','APTO 154','BELA VISTA ','','SAO JOSE DOS CAMPOS','SP','','82276316','gabrieladellias@yahoo.com.br','BAILARINA',NULL,NULL,NULL,NULL),
 (19,28,'07.543.913/0001-01','BRUNA DOS  SANTOS FONSECA','46073596','378836','BRASILEIRA ','SOLTEIRO','BAILARINA','RUA ICATU ','2030','APTO313','PARQUE INDUSTRIAL','12237010','SAO JOSE DOS CAMPOS','SP','','988438739','upeventos @upeventos .com','MONITORA DE DANÇA ',NULL,NULL,NULL,NULL),
 (20,79,'11.446.342/0001-56','INSTRUTOR  BIGATO /ABADA -CAPOEIRA ','335092543','309.66059808','BRASILEIRA','SOLTEIRO','PROFESSOR DE CAPOEIRA ','ESTRADA JOSE BENEDITO DE OLIVEIRA ','1415','','FREITAS ','12214422','SÃO JOSÉ DOS CAMPOS','SP','','996340228','bigatoabada@gmail.com','MONITOR DE CAPOEIRA ',NULL,NULL,NULL,NULL),
 (24,86,'11.432.193/0001-76','ROBERVAL RODOLFO DE OLIVEIRA','20654100','175.891.218-94','BRASILEIRA','CASADO','ATOR  ARTE EDUCADOR','AVENIDA NOVE DE JULHO','1027','APT 201','JD APOLO','12243000','SÃO JOSÉ DOS CAMPOS','SP','','(12)997241252','robervalrodolfo@yahoo.com.br','ORIENTADOR DE OFICINAS CULTURAIS',NULL,NULL,NULL,NULL),
 (25,41,'01.672.317/0001-37','ELIÉZIO DOS SANTOS','20608741','072415118-40','','SOLTEIRO','ARTE EDUCADOR','ESTRADA JUCA DE  CARVALHO','941','','VILA SAO GERALDO ','12211120','SAO JOSE DOS CAMPOS','SP','','97593192','ander-sondier@hotmail.com','OFICINA DE EMPAPELAMENTO',NULL,NULL,NULL,NULL),
 (26,41,'01.672.317/0001-37','GUARACI APARECIDA MOREIRA','26875896-7','254997','BRASILEIRA','SOLTEIRO','PROFESSORA DE ARTES','AV. DOS ESTADOS','470','','VILA MARIA','12209-4750','SÃO JOSÉ DOS CAMPOS','SP','','128137.9458','ander-sondier@hotmail.com','PRESIDENTE',NULL,NULL,NULL,NULL),
 (27,92,'05.914.539/0001-70','GUILHERME NASCIMENTO RODRIGUES','206520773','259558203894','BRASILEIRO ','SOLTEIRO','MÚSICO','RUA JAVA','380','','JARDIM  PARAISO','12235500','SÃO JOSÉ DOS CAMPOS','SP','1230291225','','guilhermerodrigues@gmail.com','PROFESSOR DE TECNICA VOCAL  E CANTO CORAL',NULL,NULL,NULL,NULL),
 (28,94,'17.969.880/0001-01','GABRIEL MAIA MARTINS DA COSTA','365836758','422.571.618-07','BRASILEIRA','SOLTEIRO','MÚSICO','RUA JURITI','531','','VILA TATETUBA','12220230','SÃO JOSÉ DOS CAMPOS','SP','(12) 3912-7779','(12)997141421','mc_biel_maia@hotmail.com','MONITORIA DE VIOLA CAIPIRA',NULL,NULL,NULL,NULL),
 (29,95,'17.622.236/0001-62','JOSIANE PEREIRA DOS REIS','462534376','376.431.448-69','BRASILEIRA','SOLTEIRO','MONITORA CULTURAL','RUA BRASILINO DE PAULA DE FERREIRA','341','','VILA PAIVA','12213470','SÃO JOSÉ DOS CAMPOS','SP','(12) 3913-2782','(12)988034323','josiane_reis@hotmail.com','MONITORA CULTURAL',NULL,NULL,NULL,NULL),
 (30,96,'13.407.938/0001-72','KRYSCILAN BACCARIN FULGENCIO DE LIMA','17029948-X','215.964.808-66','BRASILEIRA','SOLTEIRO','BAILARINO MONITOR DE OFICINAS ARTÍSTICAS','RUA SANTA CLARA ','610','','VILA ADYANA','12243630','SÃO JOSÉ DOS CAMPOS','SP','','(12)98877-1712','kryscilan@hotmail.com','BAILARINA / EDUCADORA',NULL,NULL,NULL,NULL),
 (31,98,'12.036.111/0001-37','JOÃO MATHEUS BUSTAMANTE ','33733680-5','219.195.728-56','BRASILEIRA','CASADO','MÚSICO','RUA KYOSHI ENOMOTO','78','JARDIM SAN MARINO','JARDIM SAN MARINO','12235831','SÃO JOSÉ DOS CAMPOS','SP','(12) 3307-7166','','mateusbustamante@gmai.com','MUSICO',NULL,NULL,NULL,NULL),
 (32,99,'18.823.775/0001-22','JÉSSICA LUANA NOGUEIRA NEVES','47862212-0','392.739.808-05','BRASILEIRA','SOLTEIRO','ATRIZ','RUA DOUTOR ALFREDO AMARAL ROCHA','45','','RESIDENCIAL MARIA EIMINE','12285150','CAÇAPAVA','SP','(12) 3644-4400','','jch_nog@yahoo.com.br','PROFESSORA DE TEATRO',NULL,NULL,NULL,NULL),
 (33,100,'11.439.303/0001-21','JOSE CARLOS MARMOTA','10538796-4','027.957.418-57','BRASILEIRA','CASADO','EDUCADOR SOCIAL','RUA DIAMANTINA','683','','JARDIM ISMÊNIA','12220663','SÃO JOSÉ DOS CAMPOS','SP','(12) 3902-5124','(12)99185-0686','jcmarmota.silva@gmai.com','OFICINA EDUCACIONAIS',NULL,NULL,NULL,NULL),
 (34,97,'13.089.647/0001-83','KARINA APARECIDA DURANTE','41684949-0','327.083.388-11','BRASILEIRA','SOLTEIRO','EDUCADORA FISICA','RUA DOMINGOS FARZES DE ALMEIDA','124','','31 DE MARÇO','12237120','SÃO JOSÉ DOS CAMPOS','SP','(12) 3931-2765','(12)99137-7978','karinadurante@bol.com.br','EDUCADORA FISICA',NULL,NULL,NULL,NULL),
 (35,68,'13.122.127/0001-25','KARDEC GONZAGA','97938452','928.798.618-53','BRASILEIRA','CASADO','PROFESSOR DE MUSICA ','AV MARECHAL FLORIANO PEIXOTO','180','APT02','CENTRO','12210-030','SÃO JOSÉ DOS CAMPOS','SP','(12) 3941-8996','','sanfonando@gmail.com','ENSINO ARCODEON E TECLADO',NULL,NULL,NULL,NULL),
 (36,27,'02.956.952/0001-09','JUAREZ','','','BRASILEIRA',' Selecione','','ENDEREÇO','23','','','12332000','SÃO JOSÉ DOS CAMPOS','SP','','','','',NULL,NULL,NULL,NULL),
 (37,29,'15.159.185/0001-59','WESLEY RIBEIRO  DA SILVA','32421209','216.240.558-00','BRASILEIRA','CASADO','MUSICO ','RUA ANTONIO GIUSEPPE ROBERTI ','18','','CAPITINGAL','12234766','SÃO JOSÉ DOS CAMPOS','SP','(12) 3963-241','88261960','log.wesley@gmail.','MONITOR DE MUSICA ',NULL,NULL,NULL,NULL),
 (38,32,'142857560001-39','ANTONIO CARLOS DE ANDRADE','161645562','04430600880','BRASILEIRA',' Selecione','MONITOR CULTURAL ','RUA DOS FERREIROS ','601','','PARQUE NOVO HORIZONTE','12225600','SÃO JOSÉ DOS CAMPOS','SP','39075436','','andradebatelata@gmail.com','OFICINAS DE PERCURSAO  BATE LATA',NULL,NULL,NULL,NULL),
 (39,67,'13.058.049/0001-47','ALEX DOMINGOS CARDOSO ','250704705','256.174.858-81','BRASILEIRA','SOLTEIRO','ATOR E DIRETOR TEATRO','RUA FLORENÇA ','197','','JARDIM VENEZA ','12237060','SÃO JOSÉ DOS CAMPOS','SP','','88245711','cenica7@yahoo.com.br','PROPRIETARIO',NULL,NULL,NULL,NULL),
 (50,57,'17.573.062/0001-95','JOSÉ SOARES DA SILVA','14.134.138-5','169.111.728-53','BRASILEIRA','CASADO','PROFESSOR','Rua da Consolação','390','','Santana','12.212-180','São José dos Campos','SP','(12) 3942-7890','(12) 98176-5434','zedaviola2013@hotmail.com','PROFESSOR DE VIOLÃO E VIOLA CAIPIRA',NULL,NULL,NULL,NULL),
 (51,103,'33.453.598/0001-23','CARLOS DIAS','1287654-X','144.589.765-55','BRASILEIRA','CASADO','GERENTE VENDAS','AVENIDA DAS AMÉRICAS','56','','BARRA DA TIJUCA','22.640-102','RIO DE JANEIRO','RJ','','','','',NULL,NULL,NULL,NULL),
 (53,115,'07.401.228/0001-32','MARIANA','12324232','144.589.868-30','BRASILEIRA','CASADO','','RUA MACEIÓ','234','','VILA GUARANI','12.209-675','SÃO JOSÉ DOS CAMPOS','SP','','','ethikatecnologia@hotmail.com','',NULL,NULL,NULL,NULL),
 (55,117,'03.476.811/0001-51','MAURO SOARES','18222930','144.589.868-30','BRASILEIRA','CASADO','GERENTE ','AVENIDA DOUTOR CARDOSO DE MELO','1855','2O. ANDAR','VILA OLÍMPIA','04.548-005','SÃO PAULO','SP','','','dia@dia.com.br','GERENTE DE VENDAS',NULL,NULL,NULL,NULL),
 (68,23,'07.514.550/0001-78','JULIANA CRISTINA DA SILVA','48715407-1','45256862863','BRASILEIRA','Solteiro','MUSICISTA','RUA IGUIÇU','182','APTO 24','VILA SÃO BENTO','','SÃO JOSÉ DOS CAMPOS','SP','','','','GRUPO DE METAIS / PERCUSSÃO E BANDAS',NULL,NULL,NULL,NULL),
 (69,23,'07.514.550/0001-78','MARCELO DE JESUS DA SILVA','25501263-9','18578648838','BRASILEIRA','SOLTEIRO','MAESTRO/SERRALHEIRO','Rua Oitenta e Quatro','357','','Campo dos Alemães','12239-660','São José dos Campos','SP','','','','MAESTRO',NULL,NULL,NULL,NULL),
 (70,23,'07.514.550/0001-78','FABIANA VEIGA METNE','18.180.180-2','087.510.408-83','BRASILEIRA','SOLTEIRO','PEDAGOGA E MUSICO PRATICO','RUA VICENTE LUIS PEREIRA','25','','31 DE MARÇO','12237250','SÃO JOSÉ DOS CAMPOS','SP','','(12) 988145088','banabacana@hotmail.com','MUSICA',NULL,NULL,NULL,NULL),
 (71,171,'60.665.981/0001-18','ALVARO SANTOS','1323','040.502.358-89','BRASILEIRA','CASADO','','Rua Maceió','56','','Vila Guarani','12.209-675','São José dos Campos','SP','','','','ADMINISTRACAO',NULL,NULL,NULL,NULL),
 (79,233,'04.403.408/0009-12','LUCAS DIAS SAMPAIO','1212313','144.589.868-30','BRASILEIRA','SOLTEIRO','PROGRAMADOR','Rua Maceió','34','','Vila Guarani','12.209-675','São José dos Campos','SP','(12) 4546-45454','(12) 98667-6767','','DESENVOLVIMENTO DE SITE','~\\upload\\04403408000912_14458986830_laudo.pdf','~\\upload\\04403408000912_14458986830_mediadesviio.pdf','~\\upload\\04403408000912_14458986830_Roteiro.pdf','');
/*!40000 ALTER TABLE `cad_prestadorxprestador` ENABLE KEYS */;


--
-- Definition of table `cad_prestadorxsermat`
--

DROP TABLE IF EXISTS `cad_prestadorxsermat`;
CREATE TABLE `cad_prestadorxsermat` (
  `PrexSM_ID` int(10) unsigned NOT NULL auto_increment,
  `Pre_ID` int(10) unsigned NOT NULL,
  `Pre_CNPJ` varchar(20) default NULL,
  `SM_ID` int(10) unsigned NOT NULL,
  `SM_Descricao` varchar(255) default NULL,
  `SM_Material` int(10) unsigned NOT NULL,
  `SM_Servico` int(10) unsigned NOT NULL,
  PRIMARY KEY  (`PrexSM_ID`)
) ENGINE=InnoDB AUTO_INCREMENT=455 DEFAULT CHARSET=latin1;

--
-- Dumping data for table `cad_prestadorxsermat`
--

/*!40000 ALTER TABLE `cad_prestadorxsermat` DISABLE KEYS */;
INSERT INTO `cad_prestadorxsermat` (`PrexSM_ID`,`Pre_ID`,`Pre_CNPJ`,`SM_ID`,`SM_Descricao`,`SM_Material`,`SM_Servico`) VALUES 
 (1,103,'33.453.598/0001-23',0,'MONTAGEM DE PALCO',0,0),
 (3,117,'03.476.811/0001-51',0,'PAPEL TOALHA',0,0),
 (239,165,'07.747.715/0003-13',1,'Material 1 1 1',1,0),
 (240,165,'07.747.715/0003-13',2,'Material 2',1,0),
 (241,165,'07.747.715/0003-13',8,'COREÓGRAFO',0,1),
 (242,165,'07.747.715/0003-13',9,'servico 001',0,1),
 (243,165,'07.747.715/0003-13',10,'servico 002',0,1),
 (244,165,'07.747.715/0003-13',0,'MATERIAL NOVO 2',1,0),
 (245,165,'07.747.715/0003-13',0,'MATERIAL NOVO 6',1,0),
 (246,165,'07.747.715/0003-13',0,'SERVICO NOVO 1',0,1),
 (273,177,'52.239.654/0001-76',4,'Material 003',1,0),
 (274,177,'52.239.654/0001-76',6,'palhaço clow',0,1),
 (275,177,'52.239.654/0001-76',10,'servico 002',0,1),
 (276,177,'52.239.654/0001-76',11,'servico 003',0,1),
 (277,177,'52.239.654/0001-76',0,'MATERIAL LACRIFILM 1',1,0),
 (278,177,'52.239.654/0001-76',0,'MATERIAL LACRIFILM 2',1,0),
 (279,177,'52.239.654/0001-76',0,'MATERIAL LACRIFILM 3',1,0),
 (280,177,'52.239.654/0001-76',0,'SERVICO NOVO LACRIFILM 1',0,1),
 (320,187,'56.994.502/0001-30',4,'Material 003',1,0),
 (321,187,'56.994.502/0001-30',9,'servico 001',0,1),
 (322,187,'56.994.502/0001-30',11,'servico 003',0,1),
 (323,187,'56.994.502/0001-30',0,'MATERIAL PRIVINA 1',1,0),
 (324,187,'56.994.502/0001-30',0,'MATERIAL PRIVINA 2',1,0),
 (325,187,'56.994.502/0001-30',0,'MATERIAL PRIVINA 3',1,0),
 (326,187,'56.994.502/0001-30',0,'SERVICO NOVO PRIVINA 1',0,1),
 (327,171,'60.665.981/0001-18',9,'servico 001',0,1),
 (328,171,'60.665.981/0001-18',11,'servico 003',0,1),
 (329,171,'60.665.981/0001-18',13,'servico 005',0,1),
 (330,171,'60.665.981/0001-18',0,'MATERIAL NOVO UQ',1,0),
 (331,171,'60.665.981/0001-18',0,'MATERIAL NOVO UQ 1',1,0),
 (332,171,'60.665.981/0001-18',0,'SERVICO NOVO UQ 1',0,1),
 (399,215,'71.900.237/0003-39',4,'Material 003',1,0),
 (400,215,'71.900.237/0003-39',9,'servico 001',0,1),
 (401,215,'71.900.237/0003-39',13,'servico 005',0,1),
 (402,215,'71.900.237/0003-39',0,'NOVO MATERIAL YURI',1,0),
 (403,215,'71.900.237/0003-39',0,'NOVO MATERIAL YURI 1',1,0),
 (404,215,'71.900.237/0003-39',0,'NOVO SERVICO YURI',0,1),
 (449,233,'04.403.408/0009-12',4,'Material 003',1,0),
 (450,233,'04.403.408/0009-12',9,'servico 001',0,1),
 (451,233,'04.403.408/0009-12',10,'servico 002',0,1),
 (452,233,'04.403.408/0009-12',13,'servico 005',0,1),
 (453,233,'04.403.408/0009-12',0,'NOVO SERVICO PANASONIC',0,1),
 (454,233,'04.403.408/0009-12',0,'NOVO MATERIAL PANASONIC',1,0);
/*!40000 ALTER TABLE `cad_prestadorxsermat` ENABLE KEYS */;


--
-- Definition of table `cad_servico_material`
--

DROP TABLE IF EXISTS `cad_servico_material`;
CREATE TABLE `cad_servico_material` (
  `SM_ID` int(10) unsigned NOT NULL auto_increment,
  `SM_Codigo` varchar(10) NOT NULL,
  `SM_Descricao` varchar(255) default NULL,
  `SM_Prestador` smallint(1) unsigned default '0',
  `SM_Fornecedor` smallint(1) unsigned default '0',
  `SM_Situacao` varchar(15) default 'Ativo',
  `SM_Ambos` smallint(1) default '0',
  PRIMARY KEY  (`SM_ID`)
) ENGINE=InnoDB AUTO_INCREMENT=22 DEFAULT CHARSET=latin1;

--
-- Dumping data for table `cad_servico_material`
--

/*!40000 ALTER TABLE `cad_servico_material` DISABLE KEYS */;
INSERT INTO `cad_servico_material` (`SM_ID`,`SM_Codigo`,`SM_Descricao`,`SM_Prestador`,`SM_Fornecedor`,`SM_Situacao`,`SM_Ambos`) VALUES 
 (2,'001002','Material 2',0,1,'Ativo',NULL),
 (4,'001003','Material 003',0,1,'Ativo',NULL),
 (5,'000000','palhaço',1,0,'Ativo',0),
 (6,'000000','palhaço clow',1,0,'Ativo',0),
 (7,'000000','figurinista',1,0,'Inativo',0),
 (8,'000000','COREÓGRAFO',1,0,'Ativo',0),
 (9,'000000','servico 001',1,0,'Ativo',0),
 (10,'000000','servico 002',1,0,'Ativo',0),
 (13,'000000','servico 005',1,0,'Ativo',0),
 (14,'000000','SERVICO 010',1,0,'Ativo',0),
 (15,'000000','MATERIAL NOVO 001',0,1,'Ativo',0),
 (16,'000000','MATERIAL NOVO 002',0,1,'Ativo',0),
 (17,'000000','MATERIAL NOVO 003',0,1,'Ativo',0),
 (18,'000000','NOVO MATERIAL 004',0,1,'Ativo',0),
 (19,'000000','MATERIAL NOVO 005',0,1,'Ativo',0),
 (20,'000000','NOVO MATERIAL 005',0,1,'Ativo',0),
 (21,'000000','NOVO MATERIAL 007',0,1,'Ativo',0);
/*!40000 ALTER TABLE `cad_servico_material` ENABLE KEYS */;


--
-- Definition of table `cad_usuario`
--

DROP TABLE IF EXISTS `cad_usuario`;
CREATE TABLE `cad_usuario` (
  `usu_ID` int(10) unsigned NOT NULL auto_increment,
  `usu_codigo` varchar(20) NOT NULL,
  `usu_nome` varchar(50) NOT NULL,
  `usu_local` varchar(70) NOT NULL,
  `usu_telefone` varchar(25) NOT NULL,
  `usu_celular` varchar(25) NOT NULL,
  `usu_email` varchar(50) NOT NULL,
  `usu_senha` varchar(10) NOT NULL,
  `usu_situacao` varchar(7) NOT NULL,
  `usu_situacao_data` datetime NOT NULL,
  `usu_perfil` varchar(15) default NULL,
  PRIMARY KEY  (`usu_ID`)
) ENGINE=InnoDB AUTO_INCREMENT=3 DEFAULT CHARSET=latin1;

--
-- Dumping data for table `cad_usuario`
--

/*!40000 ALTER TABLE `cad_usuario` DISABLE KEYS */;
INSERT INTO `cad_usuario` (`usu_ID`,`usu_codigo`,`usu_nome`,`usu_local`,`usu_telefone`,`usu_celular`,`usu_email`,`usu_senha`,`usu_situacao`,`usu_situacao_data`,`usu_perfil`) VALUES 
 (1,'144.589.868-30','Carlos Dias','Administracao','12 2323-2323','12 98767-0099','usuario@administracao.com.br','admin0','Ativo','2018-10-13 00:00:00','Administrador'),
 (2,'040.502.358-89','Aparecido Nascimento','Setor Administrativo','(12) 8909-0909','(12) 9809-0099','aparecido@yahoo.com','admin1','Ativo','2018-10-13 00:00:00','Gerente');
/*!40000 ALTER TABLE `cad_usuario` ENABLE KEYS */;


--
-- Definition of table `tmp_prestadorxdocumento`
--

DROP TABLE IF EXISTS `tmp_prestadorxdocumento`;
CREATE TABLE `tmp_prestadorxdocumento` (
  `PrexDoc_ID` int(10) unsigned NOT NULL auto_increment,
  `Pre_ID` int(10) unsigned NOT NULL,
  `Pre_CNPJ` varchar(20) default NULL,
  `Doc_ID` int(10) unsigned NOT NULL,
  `Doc_Descricao` varchar(100) default NULL,
  `PrexDoc_Emissao` datetime default NULL,
  `PrexDoc_Validade` datetime default NULL,
  `PrexDoc_Nome` varchar(150) default NULL,
  `PrexDoc_Observacao` varchar(150) default NULL,
  `PrexDoc_Situacao` varchar(20) default NULL,
  `PrexDoc_Informacoes` varchar(255) default NULL,
  `Doc_Obrigatorio` int(10) unsigned default NULL,
  `PrexDoc_Data_Alteracao` datetime default NULL,
  PRIMARY KEY  (`PrexDoc_ID`)
) ENGINE=InnoDB AUTO_INCREMENT=6600 DEFAULT CHARSET=latin1;

--
-- Dumping data for table `tmp_prestadorxdocumento`
--

/*!40000 ALTER TABLE `tmp_prestadorxdocumento` DISABLE KEYS */;
INSERT INTO `tmp_prestadorxdocumento` (`PrexDoc_ID`,`Pre_ID`,`Pre_CNPJ`,`Doc_ID`,`Doc_Descricao`,`PrexDoc_Emissao`,`PrexDoc_Validade`,`PrexDoc_Nome`,`PrexDoc_Observacao`,`PrexDoc_Situacao`,`PrexDoc_Informacoes`,`Doc_Obrigatorio`,`PrexDoc_Data_Alteracao`) VALUES 
 (5297,165,'07.747.715/0003-13',2,'Cartao CNPJ',NULL,NULL,'','','Pendente','O cartão CNPJ da Receita Federal é documento de pessoa jurídica que pode ser emitido pela internet no site :\r\nhttp://www.receita.fazenda.gov.br',1,NULL),
 (5299,165,'07.747.715/0003-13',1001,'TESTE INCLUSAO','2018-10-06 00:00:00',NULL,'~\\upload\\07747715000313_mediadesviio.pdf','INCLUSAO 081018','Pendente','TESTE INCLUSAO TESTE INCLUSAO TESTE INCLUSAO TESTE INCLUSAO',1,'2018-10-06 00:00:00'),
 (5495,177,'52.239.654/0001-76',1,'Ato Constitutivo e suas alterações (atualizado)',NULL,NULL,'','','Pendente','',1,NULL),
 (5496,177,'52.239.654/0001-76',2,'Cartao CNPJ',NULL,NULL,'','','Pendente','O cartão CNPJ da Receita Federal é documento de pessoa jurídica que pode ser emitido pela internet no site :\r\nhttp://www.receita.fazenda.gov.br',1,NULL),
 (5497,177,'52.239.654/0001-76',5,'Comprovação de Vínculo da Pessoa Jurídica e o Prestador de Serviço',NULL,NULL,'','','Pendente','',1,NULL),
 (5498,177,'52.239.654/0001-76',7,'Certidão Negativa de Débitos (CND) Municipal ISSQN - Taxa de Licença',NULL,NULL,'','','Pendente','',1,NULL),
 (5499,177,'52.239.654/0001-76',10,'Certidão Negativa de Débitos (CND) FGTS',NULL,NULL,'','','Pendente','Disponibilizado no link abaixo :\r\nwww.caixa.gov.br',1,NULL),
 (5500,177,'52.239.654/0001-76',12,'Declaração de Inexistência de Fato Impeditivo',NULL,NULL,'','','Pendente','',1,NULL),
 (5501,177,'52.239.654/0001-76',1001,'TESTE INCLUSAO',NULL,NULL,'','','Pendente','TESTE INCLUSAO TESTE INCLUSAO TESTE INCLUSAO TESTE INCLUSAO',1,NULL),
 (5571,187,'56.994.502/0001-30',1,'Ato Constitutivo e suas alterações (atualizado)',NULL,NULL,'','','Pendente','',1,NULL),
 (5573,187,'56.994.502/0001-30',3,'Ata de Nomeação do Representante Legal',NULL,NULL,'','','Pendente','',1,NULL),
 (5574,187,'56.994.502/0001-30',4,'RG e CPF do Representante Legal da Empresa',NULL,NULL,'','','Pendente','',1,NULL),
 (5575,187,'56.994.502/0001-30',5,'Comprovação de Vínculo da Pessoa Jurídica e o Prestador de Serviço',NULL,NULL,'','','Pendente','',1,NULL),
 (5576,187,'56.994.502/0001-30',6,'Comprovante de Inscrição Municipal',NULL,NULL,'','','Pendente','Na Prefeitura Municipal ',1,NULL),
 (5577,187,'56.994.502/0001-30',7,'Certidão Negativa de Débitos (CND) Municipal ISSQN - Taxa de Licença',NULL,NULL,'','','Pendente','',1,NULL),
 (5578,187,'56.994.502/0001-30',8,'Certidão Negativa de Débitos (CND) Débitos Mobiliários',NULL,NULL,'','','Pendente','',1,NULL),
 (5579,187,'56.994.502/0001-30',9,'Certidão Negativa de Débitos (CND) - Fazenda Federal e Divida Ativa da União',NULL,NULL,'','','Pendente','www.receita.fazenda.gov.br ou www.pgfn.fazenda.gov.br',1,NULL),
 (5580,187,'56.994.502/0001-30',10,'Certidão Negativa de Débitos (CND) FGTS',NULL,NULL,'','','Pendente','Disponibilizado no link abaixo :\r\nwww.caixa.gov.br',1,NULL),
 (5581,187,'56.994.502/0001-30',11,'Certidão Negativa de Débitos (CND) INSS',NULL,NULL,'','','Pendente','Disponibilizado no link\r\nwww.receita.fazenda.gov.br',1,NULL),
 (5582,187,'56.994.502/0001-30',12,'Declaração de Inexistência de Fato Impeditivo',NULL,NULL,'','','Pendente','',1,NULL),
 (5583,187,'56.994.502/0001-30',1002,'Doc Novo Novo Novo',NULL,NULL,'','','Pendente','',1,NULL),
 (5584,187,'56.994.502/0001-30',1003,'Novo docto EIRELI e MEI',NULL,NULL,'','','Pendente','',1,NULL),
 (5585,187,'56.994.502/0001-30',1004,'Validade MEI cooperativa',NULL,NULL,'','','Pendente','xxxxx',1,NULL),
 (5586,187,'56.994.502/0001-30',1005,'Validade PFisica',NULL,NULL,'','','Pendente','',1,NULL),
 (5587,187,'56.994.502/0001-30',2,'Cartao CNPJ',NULL,NULL,'','','Pendente','O cartão CNPJ da Receita Federal é documento de pessoa jurídica que pode ser emitido pela internet no site :\r\nhttp://www.receita.fazenda.gov.br',1,NULL),
 (5632,171,'60.665.981/0001-18',1,'Ato Constitutivo e suas alterações (atualizado)',NULL,NULL,'','','Pendente','',1,NULL),
 (5633,171,'60.665.981/0001-18',2,'Cartao CNPJ',NULL,NULL,'','','Pendente','O cartão CNPJ da Receita Federal é documento de pessoa jurídica que pode ser emitido pela internet no site :\r\nhttp://www.receita.fazenda.gov.br',1,NULL),
 (5634,171,'60.665.981/0001-18',5,'Comprovação de Vínculo da Pessoa Jurídica e o Prestador de Serviço',NULL,NULL,'','','Pendente','',1,NULL),
 (5635,171,'60.665.981/0001-18',7,'Certidão Negativa de Débitos (CND) Municipal ISSQN - Taxa de Licença',NULL,NULL,'','','Pendente','',1,NULL),
 (5636,171,'60.665.981/0001-18',10,'Certidão Negativa de Débitos (CND) FGTS',NULL,NULL,'','','Pendente','Disponibilizado no link abaixo :\r\nwww.caixa.gov.br',1,NULL),
 (5637,171,'60.665.981/0001-18',12,'Declaração de Inexistência de Fato Impeditivo',NULL,NULL,'','','Pendente','',1,NULL),
 (5638,171,'60.665.981/0001-18',1000,'Doc teste inclusao na alteracao','2018-10-19 00:00:00',NULL,'','COMPLEMENTO','Opcional','',0,'2018-10-19 00:00:00'),
 (6341,215,'71.900.237/0003-39',1,'Ato Constitutivo e suas alterações (atualizado)',NULL,NULL,'','','Pendente','',1,NULL),
 (6342,215,'71.900.237/0003-39',3,'Ata de Nomeação do Representante Legal',NULL,NULL,'','','Pendente','',1,NULL),
 (6343,215,'71.900.237/0003-39',4,'RG e CPF do Representante Legal da Empresa',NULL,NULL,'','','Pendente','',1,NULL),
 (6344,215,'71.900.237/0003-39',5,'Comprovação de Vínculo da Pessoa Jurídica e o Prestador de Serviço',NULL,NULL,'','','Pendente','',1,NULL),
 (6345,215,'71.900.237/0003-39',6,'Comprovante de Inscrição Municipal',NULL,NULL,'','','Pendente','Na Prefeitura Municipal ',1,NULL),
 (6346,215,'71.900.237/0003-39',7,'Certidão Negativa de Débitos (CND) Municipal ISSQN - Taxa de Licença',NULL,NULL,'','','Pendente','',1,NULL),
 (6347,215,'71.900.237/0003-39',8,'Certidão Negativa de Débitos (CND) Débitos Mobiliários',NULL,NULL,'','','Pendente','',1,NULL),
 (6348,215,'71.900.237/0003-39',9,'Certidão Negativa de Débitos (CND) - Fazenda Federal e Divida Ativa da União',NULL,NULL,'','','Pendente','www.receita.fazenda.gov.br ou www.pgfn.fazenda.gov.br',1,NULL),
 (6349,215,'71.900.237/0003-39',10,'Certidão Negativa de Débitos (CND) FGTS',NULL,NULL,'','','Pendente','Disponibilizado no link abaixo :\r\nwww.caixa.gov.br',1,NULL),
 (6350,215,'71.900.237/0003-39',11,'Certidão Negativa de Débitos (CND) INSS',NULL,NULL,'','','Pendente','Disponibilizado no link\r\nwww.receita.fazenda.gov.br',1,NULL),
 (6351,215,'71.900.237/0003-39',12,'Declaração de Inexistência de Fato Impeditivo',NULL,NULL,'','','Pendente','',1,NULL),
 (6352,215,'71.900.237/0003-39',1002,'Doc Novo Novo Novo',NULL,NULL,'','','Pendente','',1,NULL),
 (6353,215,'71.900.237/0003-39',1003,'Novo docto EIRELI e MEI',NULL,NULL,'','','Pendente','',1,NULL),
 (6354,215,'71.900.237/0003-39',1004,'Validade MEI cooperativa',NULL,NULL,'','','Pendente','xxxxx',1,NULL),
 (6355,215,'71.900.237/0003-39',1005,'Validade PFisica',NULL,NULL,'','','Pendente','',1,NULL),
 (6356,215,'71.900.237/0003-39',2,'Cartao CNPJ',NULL,NULL,'','','Pendente','O cartão CNPJ da Receita Federal é documento de pessoa jurídica que pode ser emitido pela internet no site :\r\nhttp://www.receita.fazenda.gov.br',1,NULL),
 (6582,0,'',1,'Ato Constitutivo e suas alterações (atualizado)',NULL,NULL,'','','Pendente','',1,NULL),
 (6583,0,'',2,'Cartao CNPJ',NULL,NULL,'','','Pendente','O cartão CNPJ da Receita Federal é documento de pessoa jurídica que pode ser emitido pela internet no site :\r\nhttp://www.receita.fazenda.gov.br',1,NULL),
 (6584,0,'',3,'Ata de Nomeação do Representante Legal',NULL,NULL,'','','Pendente','',1,NULL),
 (6585,0,'',4,'RG e CPF do Representante Legal da Empresa',NULL,NULL,'','','Pendente','',1,NULL),
 (6586,0,'',5,'Comprovação de Vínculo da Pessoa Jurídica e o Prestador de Serviço',NULL,NULL,'','','Pendente','',1,NULL),
 (6587,0,'',6,'Comprovante de Inscrição Municipal',NULL,NULL,'','','Pendente','Na Prefeitura Municipal ',1,NULL),
 (6588,0,'',7,'Certidão Negativa de Débitos (CND) Municipal ISSQN - Taxa de Licença',NULL,NULL,'','','Pendente','',1,NULL),
 (6589,0,'',8,'Certidão Negativa de Débitos (CND) Débitos Mobiliários',NULL,NULL,'','','Pendente','',1,NULL),
 (6590,0,'',9,'Certidão Negativa de Débitos (CND) - Fazenda Federal e Divida Ativa da União',NULL,NULL,'','','Pendente','www.receita.fazenda.gov.br ou www.pgfn.fazenda.gov.br',1,NULL),
 (6591,0,'',10,'Certidão Negativa de Débitos (CND) FGTS',NULL,NULL,'','','Pendente','Disponibilizado no link abaixo :\r\nwww.caixa.gov.br',1,NULL),
 (6592,0,'',11,'Certidão Negativa de Débitos (CND) INSS',NULL,NULL,'','','Pendente','Disponibilizado no link\r\nwww.receita.fazenda.gov.br',1,NULL),
 (6593,0,'',12,'Declaração de Inexistência de Fato Impeditivo',NULL,NULL,'','','Pendente','',1,NULL),
 (6594,0,'',1004,'Validade MEI cooperativa',NULL,NULL,'','','Pendente','xxxxx',1,NULL),
 (6595,0,'',1005,'Validade PFisica',NULL,NULL,'','','Pendente','',1,NULL),
 (6599,233,'04.403.408/0009-12',2,'Cartao CNPJ','2018-10-10 00:00:00',NULL,'~\\upload\\04403408000912_laudo.pdf','','Vigente','O cartão CNPJ da Receita Federal é documento de pessoa jurídica que pode ser emitido pela internet no site :\r\nhttp://www.receita.fazenda.gov.br',1,'2018-10-26 00:00:00');
/*!40000 ALTER TABLE `tmp_prestadorxdocumento` ENABLE KEYS */;


--
-- Definition of table `tmp_prestadorxprestador`
--

DROP TABLE IF EXISTS `tmp_prestadorxprestador`;
CREATE TABLE `tmp_prestadorxprestador` (
  `PrexPre_ID` int(10) unsigned NOT NULL auto_increment,
  `Pre_ID` int(10) unsigned NOT NULL,
  `Pre_CNPJ` varchar(20) default NULL,
  `PrexPre_Nome` varchar(70) default NULL,
  `PrexPre_RG` varchar(20) default NULL,
  `PrexPre_CPF` varchar(20) default NULL,
  `PrexPre_Nacionalidade` varchar(30) default NULL,
  `PrexPre_Estado_Civil` varchar(15) default NULL,
  `PrexPre_Profissao` varchar(50) default NULL,
  `PrexPre_Endereco` varchar(100) default NULL,
  `PrexPre_Numero` varchar(10) default NULL,
  `PrexPre_Complemento` varchar(50) default NULL,
  `PrexPre_Bairro` varchar(50) default NULL,
  `PrexPre_CEP` varchar(10) default NULL,
  `PrexPre_Municipio` varchar(50) default NULL,
  `PrexPre_UF` varchar(2) default NULL,
  `PrexPre_Telefone` varchar(25) default NULL,
  `PrexPre_Celular` varchar(25) default NULL,
  `PrexPre_Email` varchar(50) default NULL,
  `PrexPre_Servicos` varchar(100) default NULL,
  `PrexPre_Doc_1` varchar(150) default NULL,
  `PrexPre_Doc_2` varchar(150) default NULL,
  `PrexPre_Doc_3` varchar(150) default NULL,
  `PrexPre_Doc_4` varchar(150) default NULL,
  PRIMARY KEY  (`PrexPre_ID`)
) ENGINE=InnoDB AUTO_INCREMENT=125 DEFAULT CHARSET=latin1;

--
-- Dumping data for table `tmp_prestadorxprestador`
--

/*!40000 ALTER TABLE `tmp_prestadorxprestador` DISABLE KEYS */;
INSERT INTO `tmp_prestadorxprestador` (`PrexPre_ID`,`Pre_ID`,`Pre_CNPJ`,`PrexPre_Nome`,`PrexPre_RG`,`PrexPre_CPF`,`PrexPre_Nacionalidade`,`PrexPre_Estado_Civil`,`PrexPre_Profissao`,`PrexPre_Endereco`,`PrexPre_Numero`,`PrexPre_Complemento`,`PrexPre_Bairro`,`PrexPre_CEP`,`PrexPre_Municipio`,`PrexPre_UF`,`PrexPre_Telefone`,`PrexPre_Celular`,`PrexPre_Email`,`PrexPre_Servicos`,`PrexPre_Doc_1`,`PrexPre_Doc_2`,`PrexPre_Doc_3`,`PrexPre_Doc_4`) VALUES 
 (11,41,'01.672.317/0001-37','ELIÉZIO DOS SANTOS','20608741','072415118-40','','SOLTEIRO','ARTE EDUCADOR','ESTRADA JUCA DE  CARVALHO','941','','VILA SAO GERALDO ','12211120','SAO JOSE DOS CAMPOS','SP','','97593192','ander-sondier@hotmail.com','OFICINA DE EMPAPELAMENTO',NULL,NULL,NULL,NULL),
 (12,41,'01.672.317/0001-37','GUARACI APARECIDA MOREIRA','26875896-7','254997','BRASILEIRA','SOLTEIRO','PROFESSORA DE ARTES','AV. DOS ESTADOS','470','','VILA MARIA','12209-4750','SÃO JOSÉ DOS CAMPOS','SP','','128137.9458','ander-sondier@hotmail.com','PRESIDENTE',NULL,NULL,NULL,NULL),
 (20,57,'17.573.062/0001-95','JOSÉ SOARES DA SILVA','14.134.138-5','169.111.728-53','BRASILEIRA','CASADO','PROFESSOR','Rua da Consolação','390','','Santana','12.212-180','São José dos Campos','SP','(12) 3942-7890','(12) 98176-5434','zedaviola2013@hotmail.com','PROFESSOR DE VIOLÃO E VIOLA CAIPIRA',NULL,NULL,NULL,NULL),
 (23,103,'33.453.598/0001-23','CARLOS DIAS','1287654-X','144.589.765-55','BRASILEIRA','CASADO','GERENTE VENDAS','AVENIDA DAS AMÉRICAS','56','','BARRA DA TIJUCA','22.640-102','RIO DE JANEIRO','RJ','','','','',NULL,NULL,NULL,NULL),
 (27,115,'07.401.228/0001-32','MARIANA','12324232','144.589.868-30','BRASILEIRA','CASADO','','RUA MACEIÓ','234','','VILA GUARANI','12.209-675','SÃO JOSÉ DOS CAMPOS','SP','','','ethikatecnologia@hotmail.com','',NULL,NULL,NULL,NULL),
 (29,117,'03.476.811/0001-51','MAURO SOARES','18222930','144.589.868-30','BRASILEIRA','CASADO','GERENTE ','AVENIDA DOUTOR CARDOSO DE MELO','1855','2O. ANDAR','VILA OLÍMPIA','04.548-005','SÃO PAULO','SP','','','dia@dia.com.br','GERENTE DE VENDAS',NULL,NULL,NULL,NULL),
 (39,28,'07.543.913/0001-01','ALEXANDRE FRANCELINO BARRANCO ','','','','SOLTEIRO','','','','','','','','','','','','',NULL,NULL,NULL,NULL),
 (40,28,'07.543.913/0001-01','LAIS FERNANDES BRANCO','323590366','223.847.448-01','BRASILEIRA','CASADO','EMPRESARIA','AV TENENTE NEVIO BARACHO','330','APRTO 303','BELA VISTA','12209902','SÃO JOSÉ DOS CAMPOS','SP','','78193350','upeventos@upeventos.com ','PROPRIETARIA ',NULL,NULL,NULL,NULL),
 (41,28,'07.543.913/0001-01','DULCINEIA DA SILVA','16646145','323.656.406.72','BRASILEIRO ','CASADO','ARTESÃ','RUA ANGELO ARROIO','104','','DOM PEDRO I','','SAO JOSE DOS CAMPOS','SP','1239032629','1282501693','upeventos @upeventos .com','',NULL,NULL,NULL,NULL),
 (42,28,'07.543.913/0001-01','GABRIEL PRADO MARTINEZ ','40791870','402.942.258-62','BRASILEIRO ','SOLTEIRO','BAILARINO','RUA JOSÉ LEITE DA SILVA','150','','BELA VIST','','SAO JOSE DOS CAMPOS','SP','','129720.9381','upeventos @upeventos .com','MONITOR DE DANÇA',NULL,NULL,NULL,NULL),
 (43,28,'07.543.913/0001-01','ANA GABRIELA DELLIAS PEREIRA ','170299565','09859502854','BRASILEIRA ','CASADO','BALARINA','AV. SÃO JOSE ','626','APTO 154','BELA VISTA ','','SAO JOSE DOS CAMPOS','SP','','82276316','gabrieladellias@yahoo.com.br','BAILARINA',NULL,NULL,NULL,NULL),
 (44,28,'07.543.913/0001-01','BRUNA DOS  SANTOS FONSECA','46073596','378836','BRASILEIRA ','SOLTEIRO','BAILARINA','RUA ICATU ','2030','APTO313','PARQUE INDUSTRIAL','12237010','SAO JOSE DOS CAMPOS','SP','','988438739','upeventos @upeventos .com','MONITORA DE DANÇA ',NULL,NULL,NULL,NULL),
 (45,86,'11.432.193/0001-76','ROBERVAL RODOLFO DE OLIVEIRA','20654100','175.891.218-94','BRASILEIRA','CASADO','ATOR  ARTE EDUCADOR','AVENIDA NOVE DE JULHO','1027','APT 201','JD APOLO','12243000','SÃO JOSÉ DOS CAMPOS','SP','','(12)997241252','robervalrodolfo@yahoo.com.br','ORIENTADOR DE OFICINAS CULTURAIS',NULL,NULL,NULL,NULL),
 (46,67,'13.058.049/0001-47','ALEX DOMINGOS CARDOSO ','250704705','256.174.858-81','BRASILEIRA','SOLTEIRO','ATOR E DIRETOR TEATRO','RUA FLORENÇA ','197','','JARDIM VENEZA ','12237060','SÃO JOSÉ DOS CAMPOS','SP','','88245711','cenica7@yahoo.com.br','PROPRIETARIO',NULL,NULL,NULL,NULL),
 (50,73,'03.159.024/0001-86','LAUDENI DE SOUSA ','397909539','67864481787','BRASILEIRA','CASADO','MESTRE JONGUEIRO','RUA CAPITÃO ROBERTO PEREIRA MALDOS ','184','','JARDIM BELA VISTA','','SÃO JOSÉ DOS CAMPOS','SP','','88884665','laudenidojongo@yahoo.com.br','',NULL,NULL,NULL,NULL),
 (51,73,'03.159.024/0001-86','LOURENÇO JUVENTINO DA SILVA ','9148800','46909036891','BRASILEIRO ','CASADO','MESTRE CONGADA','RUA AMACIO MAZZAROPPI','110','','BOSQUE DOS EUCALIPTOS','','SAO JOSE DOS CAMPOS','SP','','91263029','lourencojuventino@gmail.com','',NULL,NULL,NULL,NULL),
 (52,73,'03.159.024/0001-86','ISABELLE ROSELAINE CAMILA DA SILVA','446626703','36882537879','BRASILEIRA','SOLTEIRO','PROFESSORA DE DANÇA','PRAÇA FLORIPES BICUDO MARTINS','71','','BOSQUE DOS EUCALIPTOS','12232340','SÃO JOSÉ DOS CAMPOS','SP','','97526336','belcamile@hotmail.com','DANÇA POPULARES',NULL,NULL,NULL,NULL),
 (53,73,'03.159.024/0001-86','ARISNIDES DO C PEREIRA JR','238051535','25108974','BRASILEIRO ','SOLTEIRO','MUSICO ','TRAVESSA PICA PAU ','870','','BAIRRO DOS FREITAS ','','SAO JOSE DOS CAMPOS','SP','','997526336','aricultural@gmail.com','OFICINA DE MUSICALIZAÇÃO ',NULL,NULL,NULL,NULL),
 (111,23,'07.514.550/0001-78','JULIANA CRISTINA DA SILVA','48715407-1','45256862863','BRASILEIRA','Solteiro','MUSICISTA','RUA IGUIÇU','182','APTO 24','VILA SÃO BENTO','','SÃO JOSÉ DOS CAMPOS','SP','','','','GRUPO DE METAIS / PERCUSSÃO E BANDAS',NULL,NULL,NULL,NULL),
 (112,23,'07.514.550/0001-78','MARCELO DE JESUS DA SILVA','25501263-9','18578648838','BRASILEIRA','SOLTEIRO','MAESTRO/SERRALHEIRO','Rua Oitenta e Quatro','357','','Campo dos Alemães','12239-660','São José dos Campos','SP','','','','MAESTRO',NULL,NULL,NULL,NULL),
 (113,23,'07.514.550/0001-78','FABIANA VEIGA METNE','18.180.180-2','087.510.408-83','BRASILEIRA','SOLTEIRO','PEDAGOGA E MUSICO PRATICO','RUA VICENTE LUIS PEREIRA','25','','31 DE MARÇO','12237250','SÃO JOSÉ DOS CAMPOS','SP','','(12) 988145088','banabacana@hotmail.com','MUSICA',NULL,NULL,NULL,NULL),
 (114,32,'142857560001-39','ANTONIO CARLOS DE ANDRADE','161645562','04430600880','BRASILEIRA',' Selecione','MONITOR CULTURAL ','RUA DOS FERREIROS ','601','','PARQUE NOVO HORIZONTE','12225600','SÃO JOSÉ DOS CAMPOS','SP','39075436','','andradebatelata@gmail.com','OFICINAS DE PERCURSAO  BATE LATA',NULL,NULL,NULL,NULL),
 (122,171,'60.665.981/0001-18','ALVARO SANTOS','1323','040.502.358-89','BRASILEIRA','CASADO','','Rua Maceió','56','','Vila Guarani','12.209-675','São José dos Campos','SP','','','','ADMINISTRACAO',NULL,NULL,NULL,NULL),
 (124,233,'04.403.408/0009-12','LUCAS DIAS SAMPAIO','1212313','144.589.868-30','BRASILEIRA','SOLTEIRO','PROGRAMADOR','Rua Maceió','34','','Vila Guarani','12.209-675','São José dos Campos','SP','(12) 4546-45454','(12) 98667-6767','','DESENVOLVIMENTO DE SITE','~\\upload\\04403408000912_14458986830_laudo.pdf','~\\upload\\04403408000912_14458986830_mediadesviio.pdf','~\\upload\\04403408000912_14458986830_Roteiro.pdf','');
/*!40000 ALTER TABLE `tmp_prestadorxprestador` ENABLE KEYS */;


--
-- Definition of table `tmp_prestadorxsermat`
--

DROP TABLE IF EXISTS `tmp_prestadorxsermat`;
CREATE TABLE `tmp_prestadorxsermat` (
  `PrexSM_ID` int(10) unsigned NOT NULL auto_increment,
  `Pre_ID` int(10) unsigned NOT NULL,
  `Pre_CNPJ` varchar(20) default NULL,
  `SM_ID` int(10) unsigned NOT NULL,
  `SM_Descricao` varchar(255) default NULL,
  `SM_Selecao` int(10) unsigned default NULL,
  `SM_Material` int(10) unsigned default NULL,
  `SM_Servico` int(10) unsigned default NULL,
  PRIMARY KEY  (`PrexSM_ID`)
) ENGINE=InnoDB AUTO_INCREMENT=1837 DEFAULT CHARSET=latin1;

--
-- Dumping data for table `tmp_prestadorxsermat`
--

/*!40000 ALTER TABLE `tmp_prestadorxsermat` DISABLE KEYS */;
INSERT INTO `tmp_prestadorxsermat` (`PrexSM_ID`,`Pre_ID`,`Pre_CNPJ`,`SM_ID`,`SM_Descricao`,`SM_Selecao`,`SM_Material`,`SM_Servico`) VALUES 
 (1367,215,'71.900.237/0003-39',2,'Material 2',0,1,0),
 (1368,215,'71.900.237/0003-39',4,'Material 003',1,1,0),
 (1369,215,'71.900.237/0003-39',5,'palhaço',0,0,1),
 (1370,215,'71.900.237/0003-39',6,'palhaço clow',0,0,1),
 (1371,215,'71.900.237/0003-39',8,'COREÓGRAFO',0,0,1),
 (1372,215,'71.900.237/0003-39',9,'servico 001',1,0,1),
 (1373,215,'71.900.237/0003-39',10,'servico 002',0,0,1),
 (1374,215,'71.900.237/0003-39',13,'servico 005',1,0,1),
 (1375,215,'71.900.237/0003-39',14,'SERVICO 010',0,0,1),
 (1376,215,'71.900.237/0003-39',0,'NOVO MATERIAL YURI',1,1,0),
 (1377,215,'71.900.237/0003-39',0,'NOVO MATERIAL YURI 1',1,1,0),
 (1378,215,'71.900.237/0003-39',0,'NOVO SERVICO YURI',1,0,1),
 (1785,0,'',2,'Material 2',0,1,0),
 (1786,0,'',4,'Material 003',0,1,0),
 (1787,0,'',5,'palhaço',0,0,1),
 (1788,0,'',6,'palhaço clow',0,0,1),
 (1789,0,'',8,'COREÓGRAFO',0,0,1),
 (1790,0,'',9,'servico 001',0,0,1),
 (1791,0,'',10,'servico 002',0,0,1),
 (1792,0,'',13,'servico 005',0,0,1),
 (1793,0,'',14,'SERVICO 010',0,0,1),
 (1794,0,'',15,'MATERIAL NOVO 001',0,1,0),
 (1795,0,'',16,'MATERIAL NOVO 002',0,1,0),
 (1796,0,'',17,'MATERIAL NOVO 003',0,1,0),
 (1797,0,'',18,'NOVO MATERIAL 004',0,1,0),
 (1798,0,'',19,'MATERIAL NOVO 005',0,1,0),
 (1799,0,'',20,'NOVO MATERIAL 005',0,1,0),
 (1800,0,'',21,'NOVO MATERIAL 007',0,1,0),
 (1819,233,'04.403.408/0009-12',2,'Material 2',0,1,0),
 (1820,233,'04.403.408/0009-12',4,'Material 003',1,1,0),
 (1821,233,'04.403.408/0009-12',5,'palhaço',0,0,1),
 (1822,233,'04.403.408/0009-12',6,'palhaço clow',0,0,1),
 (1823,233,'04.403.408/0009-12',8,'COREÓGRAFO',0,0,1),
 (1824,233,'04.403.408/0009-12',9,'servico 001',1,0,1),
 (1825,233,'04.403.408/0009-12',10,'servico 002',1,0,1),
 (1826,233,'04.403.408/0009-12',13,'servico 005',1,0,1),
 (1827,233,'04.403.408/0009-12',14,'SERVICO 010',0,0,1),
 (1828,233,'04.403.408/0009-12',15,'MATERIAL NOVO 001',0,1,0),
 (1829,233,'04.403.408/0009-12',16,'MATERIAL NOVO 002',0,1,0),
 (1830,233,'04.403.408/0009-12',17,'MATERIAL NOVO 003',0,1,0),
 (1831,233,'04.403.408/0009-12',18,'NOVO MATERIAL 004',0,1,0),
 (1832,233,'04.403.408/0009-12',19,'MATERIAL NOVO 005',0,1,0),
 (1833,233,'04.403.408/0009-12',20,'NOVO MATERIAL 005',0,1,0),
 (1834,233,'04.403.408/0009-12',21,'NOVO MATERIAL 007',0,1,0),
 (1835,233,'04.403.408/0009-12',0,'NOVO SERVICO PANASONIC',1,0,1),
 (1836,233,'04.403.408/0009-12',0,'NOVO MATERIAL PANASONIC',1,1,0);
/*!40000 ALTER TABLE `tmp_prestadorxsermat` ENABLE KEYS */;




/*!40101 SET SQL_MODE=@OLD_SQL_MODE */;
/*!40014 SET FOREIGN_KEY_CHECKS=@OLD_FOREIGN_KEY_CHECKS */;
/*!40014 SET UNIQUE_CHECKS=@OLD_UNIQUE_CHECKS */;
/*!40101 SET CHARACTER_SET_CLIENT=@OLD_CHARACTER_SET_CLIENT */;
/*!40101 SET CHARACTER_SET_RESULTS=@OLD_CHARACTER_SET_RESULTS */;
/*!40101 SET COLLATION_CONNECTION=@OLD_COLLATION_CONNECTION */;
/*!40101 SET CHARACTER_SET_CLIENT=@OLD_CHARACTER_SET_CLIENT */;
